,Mkt-RF,SMB,HML,RMW,CMA,RF
20180102,0.85,0.3,-0.22,-0.5,0.31,0.006
20180103,0.59,-0.46,-0.18,-0.7,-0.06,0.006
20180104,0.42,-0.22,0.24,-0.02,0.31,0.006
20180105,0.66,-0.37,-0.26,0.37,-0.37,0.006
20180108,0.19,-0.2,0.04,-0.07,0,0.006
20180109,0.15,-0.38,-0.03,-0.13,0.03,0.006
20180110,-0.07,0.14,0.57,-0.33,0.03,0.006
20180111,0.87,1.13,0.31,-0.22,0.59,0.006
20180112,0.66,-0.32,0.16,-0.1,0.19,0.006
20180116,-0.49,-0.99,0.01,0.44,-0.41,0.006
20180117,0.95,-0.05,-0.1,-0.08,-0.1,0.006
20180118,-0.18,-0.43,-0.25,0.29,-0.38,0.006
20180119,0.57,0.94,-0.04,0.07,0.12,0.006
20180122,0.77,-0.35,-0.16,-0.54,0.23,0.006
20180123,0.22,0.07,-0.36,-0.38,-0.27,0.006
20180124,-0.13,-0.75,0.44,0,0.1,0.006
20180125,0.07,0.11,-0.54,0.19,-0.18,0.006
20180126,1.11,-0.61,-0.52,0.3,-0.17,0.006
20180129,-0.62,0,-0.25,0.14,-0.37,0.006
20180130,-1.06,0.12,-0.21,0.38,-0.41,0.006
20180131,-0.07,-0.68,0.11,0.1,-0.03,0.006
20180201,0.03,0.12,0.54,-0.54,0.01,0.006
20180202,-2.13,0.01,-0.29,0.61,-0.51,0.006
20180205,-4.03,0.66,-0.58,0.16,-0.07,0.006
20180206,1.67,-0.48,-0.18,0.05,-0.02,0.006
20180207,-0.38,0.61,0.21,0.34,0.23,0.006
20180208,-3.68,0.8,0.52,0.4,-0.04,0.006
20180209,1.36,-0.55,0.15,0.17,-0.33,0.006
20180212,1.36,-0.47,-0.3,-0.24,-0.09,0.006
20180213,0.31,0.13,-0.24,0.21,-0.11,0.006
20180214,1.52,0.29,0.48,-0.67,-0.03,0.006
20180215,1.21,-0.16,-0.63,0.19,-0.34,0.006
20180216,0.03,0.36,0.16,0.04,0.05,0.006
20180220,-0.62,-0.35,-0.24,-0.27,-0.14,0.006
20180221,-0.43,0.8,0.23,0.07,-0.19,0.006
20180222,0.01,-0.04,-0.4,0.13,0.48,0.006
20180223,1.54,-0.38,-0.15,-0.17,-0.06,0.006
20180226,1.12,-0.48,-0.07,-0.16,-0.24,0.006
20180227,-1.25,-0.19,0.03,-0.09,-0.06,0.006
20180228,-1.11,-0.43,-0.31,0.21,-0.26,0.006
20180301,-1.19,0.96,-0.02,-0.24,0.05,0.005
20180302,0.7,1.11,-0.49,-0.41,-0.35,0.005
20180305,1.06,-0.41,0.23,-0.59,0.09,0.005
20180306,0.36,0.69,0.12,0.22,-0.02,0.005
20180307,0.05,0.76,-0.44,-0.04,-0.31,0.005
20180308,0.37,-0.57,-0.36,0.01,-0.18,0.005
20180309,1.7,-0.2,0.28,-0.26,0.01,0.005
20180312,-0.09,0.44,-0.08,-0.34,-0.23,0.005
20180313,-0.67,0.1,0.03,0.48,0,0.005
20180314,-0.53,0.14,-0.58,-0.11,-0.39,0.005
20180315,-0.18,-0.38,0.32,0.14,-0.12,0.005
20180316,0.25,0.47,0.18,0.06,0.29,0.005
20180319,-1.38,0.41,0.41,0.32,0.1,0.005
20180320,0.15,-0.13,-0.36,-0.01,-0.07,0.005
20180321,-0.06,0.69,0.45,-1.08,0.87,0.005
20180322,-2.54,0.4,-0.49,0.21,0.01,0.005
20180323,-2.09,0.09,-0.23,0.13,0.77,0.005
20180326,2.67,-0.62,0.03,0,-0.61,0.005
20180327,-1.87,-0.23,0.37,0.78,0.53,0.005
20180328,-0.35,0.21,0.65,0.75,-0.08,0.005
20180329,1.41,-0.31,-0.22,-0.37,-0.16,0.005
20180402,-2.29,-0.09,0.36,0.17,-0.07,0.007
20180403,1.24,-0.02,0.19,0.26,0.19,0.007
20180404,1.17,0.34,-0.32,0.07,-0.13,0.007
20180405,0.75,0.05,0.47,0.11,0.28,0.007
20180406,-2.19,0.37,-0.06,0.14,-0.04,0.007
20180409,0.3,-0.24,-0.53,-0.75,-0.28,0.007
20180410,1.77,0.33,-0.12,-0.84,0.55,0.007
20180411,-0.49,0.79,-0.31,-0.62,0.3,0.007
20180412,0.84,-0.17,0.19,-0.22,0.09,0.007
20180413,-0.37,-0.1,-0.24,-0.07,0.2,0.007
20180416,0.82,0.14,-0.02,0.8,0.03,0.007
20180417,1.09,0.01,-1.18,-0.24,-0.4,0.007
20180418,0.13,0.21,0.02,-0.28,0.49,0.007
20180419,-0.49,-0.3,1.08,-0.48,0.07,0.007
20180420,-0.81,0.1,0.58,-0.54,0.28,0.007
20180423,-0.05,-0.06,0.2,0.29,0.11,0.007
20180424,-1.3,0.65,1.02,0.04,0.09,0.007
20180425,0.1,-0.27,0.08,0.4,0.14,0.007
20180426,0.96,-0.55,-0.85,-0.53,-0.43,0.007
20180427,0.01,-0.26,0.03,0.62,0.08,0.007
20180430,-0.8,-0.07,-0.1,-0.41,-0.07,0.007
20180501,0.24,0.25,-0.55,-0.04,-0.96,0.006
20180502,-0.63,1.25,-0.36,0.04,0.02,0.006
20180503,-0.25,-0.61,-0.15,0.05,-0.12,0.006
20180504,1.3,-0.02,-0.2,-0.43,0,0.006
20180507,0.42,0.37,-0.34,-0.52,-0.22,0.006
20180508,0.07,0.51,0.24,-0.25,0.08,0.006
20180509,0.89,-0.28,0.26,-0.89,0.14,0.006
20180510,0.85,-0.38,-0.05,0.23,-0.33,0.006
20180511,0.19,0.14,-0.38,0.25,0.12,0.006
20180514,0.05,-0.3,0.1,-0.19,0.49,0.006
20180515,-0.55,0.71,0.41,-0.07,0.38,0.006
20180516,0.5,0.7,-0.25,0.35,0.06,0.006
20180517,0.02,0.86,0.3,-0.36,0.43,0.006
20180518,-0.23,0.45,-0.61,0.11,-0.18,0.006
20180521,0.72,-0.18,0.44,0.17,0.11,0.006
20180522,-0.42,-0.65,0.61,-0.32,-0.41,0.006
20180523,0.29,-0.07,-0.7,0.01,-0.33,0.006
20180524,-0.16,0.34,-0.35,0.5,0.11,0.006
20180525,-0.21,0.24,-0.4,0.55,-0.59,0.006
20180529,-1.04,1.11,-1.02,0.18,-0.01,0.006
20180530,1.31,0.04,0.37,-0.72,0.18,0.006
20180531,-0.7,0.05,-0.43,-0.5,-0.12,0.006
20180601,1.06,-0.21,-0.11,-0.06,-0.17,0.006
20180604,0.48,0.18,-0.44,1.02,-0.43,0.006
20180605,0.16,0.78,-0.44,0.22,0.17,0.006
20180606,0.86,-0.27,0.2,-0.03,0.17,0.006
20180607,-0.14,-0.26,0.93,0.17,0.59,0.006
20180608,0.31,0.04,-0.4,0.24,-0.19,0.006
20180611,0.12,0.15,-0.16,0.2,0.24,0.006
20180612,0.23,0.18,-0.63,0.08,-0.15,0.006
20180613,-0.33,0.03,-0.2,-0.53,-0.18,0.006
20180614,0.27,0.2,-1,-0.04,-0.61,0.006
20180615,-0.08,0.12,-0.25,0.66,-0.22,0.006
20180618,-0.09,0.74,0.08,-0.41,0.1,0.006
20180619,-0.38,0.54,-0.14,-0.24,-0.46,0.006
20180620,0.23,0.66,-0.51,-0.15,0.1,0.006
20180621,-0.73,-0.55,0.34,0.45,0,0.006
20180622,0.11,-0.08,0.46,-0.52,0.92,0.006
20180625,-1.48,-0.45,0.57,0.62,-0.03,0.006
20180626,0.27,0.51,-0.24,-0.48,0.13,0.006
20180627,-1.02,-1.01,0.36,-0.06,0.47,0.006
20180628,0.58,-0.21,-0.51,-0.17,-0.52,0.006
20180629,0.07,-0.24,-0.24,-0.23,-0.01,0.006
20180702,0.36,0.45,-0.26,-0.08,-0.55,0.008
20180703,-0.44,0.76,-0.02,-0.29,0.45,0.008
20180705,0.87,0.39,-0.43,0.33,-0.18,0.008
20180706,0.88,-0.02,-0.3,-0.26,-0.14,0.008
20180709,0.93,-0.29,0.86,0.03,-0.22,0.008
20180710,0.21,-0.82,-0.17,0.11,0.27,0.008
20180711,-0.69,-0.06,-0.47,-0.12,-0.3,0.008
20180712,0.86,-0.44,-1.14,-0.04,-0.47,0.008
20180713,0.08,-0.18,-0.29,0.33,0.19,0.008
20180716,-0.16,-0.61,0.98,-0.2,-0.14,0.008
20180717,0.48,0.17,-0.76,0.11,-0.24,0.008
20180718,0.27,-0.14,0.67,-0.15,-0.17,0.008
20180719,-0.34,0.91,-0.36,0.16,0.04,0.008
20180720,-0.1,-0.17,0.13,0.11,-0.22,0.008
20180723,0.15,-0.2,0.55,-0.22,-0.18,0.008
20180724,0.22,-1.32,0.4,0.49,0.1,0.008
20180725,0.83,-0.59,-1.06,0.08,-0.37,0.008
20180726,-0.2,0.76,0.57,-0.04,0.59,0.008
20180727,-0.82,-1.21,1.06,0.52,0.48,0.008
20180730,-0.7,0.01,1.57,0.32,1.01,0.008
20180731,0.51,0.73,-1.11,0.28,0.25,0.008
20180801,-0.13,-0.02,-0.19,-0.19,-0.8,0.007
20180802,0.67,0.17,-0.68,0.01,-0.59,0.007
20180803,0.31,-0.93,0.51,0.64,0.35,0.007
20180806,0.46,0.22,-0.33,-0.31,-0.21,0.007
20180807,0.29,-0.02,-0.17,-0.31,-0.15,0.007
20180808,-0.04,-0.11,0.26,-0.02,-0.08,0.007
20180809,-0.05,0.34,-0.35,0.02,-0.25,0.007
20180810,-0.6,0.31,-0.21,-0.26,0.21,0.007
20180813,-0.46,-0.21,-0.29,0.3,0.02,0.007
20180814,0.69,0.32,0.21,0.35,0.18,0.007
20180815,-0.91,-0.52,-0.13,0.63,-0.1,0.007
20180816,0.86,-0.04,0.25,-0.08,0.4,0.007
20180817,0.3,0.13,0.02,0.22,0.2,0.007
20180820,0.25,0.15,0.14,0.11,0.13,0.007
20180821,0.33,0.92,0.12,-0.23,-0.23,0.007
20180822,0.05,0.29,-0.35,-0.5,-0.28,0.007
20180823,-0.19,-0.1,-0.33,-0.01,-0.19,0.007
20180824,0.62,-0.08,-0.57,-0.3,-0.19,0.007
20180827,0.74,-0.62,-0.16,-0.21,-0.36,0.007
20180828,-0.01,-0.12,-0.28,0.11,-0.06,0.007
20180829,0.56,-0.14,-0.58,-0.15,-0.28,0.007
20180830,-0.41,0.23,-0.42,-0.22,-0.13,0.007
20180831,0.08,0.45,-0.39,0.15,-0.14,0.007
20180904,-0.11,-0.33,0.01,-0.05,-0.15,0.008
20180905,-0.41,-0.04,0.66,0.46,0.59,0.008
20180906,-0.44,-0.37,-0.24,0.42,0.33,0.008
20180907,-0.18,0.08,-0.22,0.03,0.04,0.008
20180910,0.23,0.08,-0.37,0.07,-0.25,0.008
20180911,0.37,-0.34,-0.24,-0.13,-0.4,0.008
20180912,0.03,-0.12,-0.22,0.04,0.54,0.008
20180913,0.45,-0.49,-0.41,0.04,-0.04,0.008
20180914,0.12,0.31,0.25,-0.11,-0.06,0.008
20180917,-0.71,-0.35,0.84,0.32,0.75,0.008
20180918,0.57,0.03,-0.49,-0.24,-0.22,0.008
20180919,0.06,-0.5,1.28,-0.45,-0.01,0.008
20180920,0.77,0.29,-0.23,0.06,-0.09,0.008
20180921,-0.13,-0.42,0.3,0.22,0.65,0.008
20180924,-0.31,-0.05,-0.9,-0.48,-0.29,0.008
20180925,-0.05,0.19,-0.38,-0.35,-0.07,0.008
20180926,-0.4,-0.48,-0.64,0.48,0.11,0.008
20180927,0.27,-0.34,-0.55,0.11,-0.33,0.008
20180928,-0.03,0.34,-0.2,0.11,0.18,0.008
20181001,0.16,-1.62,0.34,-0.11,0.04,0.008
20181002,-0.21,-0.94,0.6,0.13,0.36,0.008
20181003,0.2,0.89,0.5,-0.37,-0.21,0.008
20181004,-0.93,-0.79,1.58,0.13,0.77,0.008
20181005,-0.64,-0.41,0.39,-0.38,0.42,0.008
20181008,-0.17,-0.23,1.22,0.52,0.64,0.008
20181009,-0.18,-0.41,0.29,-0.5,0.21,0.008
20181010,-3.33,0.41,1.12,0.22,0.79,0.008
20181011,-1.96,0.37,-0.93,0.43,-0.55,0.008
20181012,1.38,-1.11,-1.75,0.07,-0.43,0.008
20181015,-0.48,1,0.52,0.37,0.49,0.008
20181016,2.24,0.57,-1.43,-0.24,-0.69,0.008
20181017,-0.08,-0.61,0.25,-0.25,0.17,0.008
20181018,-1.54,-0.53,0.42,-0.34,0.38,0.008
20181019,-0.25,-1.27,0.71,0.45,0.56,0.008
20181022,-0.38,0.36,-1.25,1.1,-0.17,0.008
20181023,-0.62,-0.18,-0.42,0.1,-0.09,0.008
20181024,-3.33,-0.83,0.77,0.31,1.25,0.008
20181025,1.93,0.31,-0.59,-0.19,-1.09,0.008
20181026,-1.65,0.59,0.36,-0.35,0.5,0.008
20181029,-0.77,-0.1,1.6,-0.01,0.97,0.008
20181030,1.66,0.45,0.08,0.37,0.32,0.008
20181031,1.22,-0.7,-0.74,-0.41,-0.95,0.008
20181101,1.29,1.22,-1.14,-0.25,-0.49,0.008
20181102,-0.53,0.84,0.66,-0.46,0.22,0.008
20181105,0.4,-0.89,1.56,-0.49,0.76,0.008
20181106,0.58,-0.15,0.03,0.3,0.2,0.008
20181107,2.11,-0.51,-1.05,-0.39,-0.81,0.008
20181108,-0.28,-0.17,0.24,0.38,0.33,0.008
20181109,-1.04,-0.84,0.42,0.63,0.67,0.008
20181112,-2.06,0.1,0.84,0.54,0.88,0.008
20181113,-0.13,-0.05,0.16,0.21,-0.3,0.008
20181114,-0.77,0.03,-0.29,0.59,0.1,0.008
20181115,1.18,0.31,-0.4,-0.84,-0.71,0.008
20181116,0.15,-0.02,-0.05,-0.78,0.18,0.008
20181119,-1.88,-0.39,2.31,0.21,1.23,0.008
20181120,-1.85,0.02,-0.54,-0.36,-0.31,0.008
20181121,0.51,0.95,-0.34,-0.35,0,0.008
20181123,-0.55,0.76,-0.61,0.29,-0.06,0.008
20181126,1.62,-0.69,-0.2,-0.41,-0.73,0.008
20181127,0.11,-1.06,0.26,0.6,0.13,0.008
20181128,2.42,0.31,-1.17,0.07,-0.93,0.008
20181129,-0.22,-0.21,-0.09,-0.49,0.04,0.008
20181130,0.78,-0.38,-0.43,0.24,-0.27,0.008
20181203,1.13,-0.1,-0.8,-0.24,-0.55,0.011
20181204,-3.45,-1.03,-0.2,-0.13,0.96,0.011
20181206,-0.16,-0.05,-1.05,0.14,-0.32,0.011
20181207,-2.36,0.27,1.34,-0.48,0.64,0.011
20181210,0.1,-0.36,-1.62,0.28,-0.31,0.011
20181211,-0.08,-0.15,-0.41,0.16,-0.07,0.011
20181212,0.68,0.5,-0.18,-0.23,-0.08,0.011
20181213,-0.26,-1.55,-0.19,0.2,0.04,0.011
20181214,-1.89,0.09,0.49,-0.2,0.62,0.011
20181217,-2.14,-0.12,1.08,0.27,0.18,0.011
20181218,-0.03,-0.04,-0.62,0.91,-0.47,0.011
20181219,-1.58,-0.6,0.03,-0.38,0.42,0.011
20181220,-1.62,-0.12,0.97,0.6,-0.08,0.011
20181221,-2.17,-0.53,0.77,0.12,0.64,0.011
20181224,-2.55,0.92,-0.49,-0.33,-0.34,0.011
20181226,5.06,-0.19,-1.01,-0.21,-1.08,0.011
20181227,0.78,-0.71,-0.13,-0.14,0.1,0.011
20181228,-0.03,0.75,0.26,-0.37,-0.06,0.011
20181231,0.9,-0.13,-0.46,-0.09,-0.13,0.011
20190102,0.23,0.74,1.12,-0.12,0.27,0.01
20190103,-2.45,0.48,1.2,-0.22,0.9,0.01
20190104,3.55,0.36,-0.7,-0.11,-0.59,0.01
20190107,0.94,0.87,-0.75,-0.72,-0.45,0.01
20190108,1.01,0.44,-0.63,0.31,-0.09,0.01
20190109,0.56,0.5,0.1,0.08,-0.2,0.01
20190110,0.42,0,-0.46,-0.06,-0.04,0.01
20190111,-0.01,0.2,0.21,0.24,0.25,0.01
20190114,-0.6,-0.46,0.94,0.25,0,0.01
20190115,1.06,-0.14,-0.89,-0.3,-0.57,0.01
20190116,0.28,0.26,0.93,-0.1,-0.23,0.01
20190117,0.75,0.09,-0.24,0.06,0,0.01
20190118,1.29,-0.29,0.12,0.19,-0.27,0.01
20190122,-1.53,-0.35,0.32,0.26,0.34,0.01
20190123,0.15,-0.41,-0.14,0.35,0.28,0.01
20190124,0.23,0.48,0,-0.15,-0.2,0.01
20190125,0.9,0.42,-0.35,-0.35,-0.57,0.01
20190128,-0.8,-0.08,0.63,0.29,0.16,0.01
20190129,-0.19,0.03,0.17,0.04,0.46,0.01
20190130,1.51,-0.35,-0.94,-0.24,-0.88,0.01
20190131,0.92,-0.06,-1.08,-0.37,-0.01,0.01
20190201,0.14,-0.16,0.43,-0.74,0.3,0.01
20190204,0.72,0.41,-0.46,0.19,-0.21,0.01
20190205,0.43,-0.12,-0.6,0.61,-0.33,0.01
20190206,-0.22,-0.03,0.07,-0.11,0.08,0.01
20190207,-0.93,-0.14,0.39,0.55,0.28,0.01
20190208,0.09,-0.08,-0.69,-0.34,-0.12,0.01
20190211,0.14,0.67,0.23,-0.09,-0.02,0.01
20190212,1.36,0.04,-0.17,-0.12,-0.28,0.01
20190213,0.28,0.06,0.07,0.12,0.22,0.01
20190214,-0.21,0.52,-0.58,0.41,-0.18,0.01
20190215,1.13,0.38,0.48,-0.21,0.01,0.01
20190219,0.19,0.31,0.29,0.03,0.22,0.01
20190220,0.19,0.28,0.54,0.02,-0.29,0.01
20190221,-0.37,-0.04,-0.23,0.58,0.12,0.01
20190222,0.65,0.39,-1.48,0.29,-0.61,0.01
20190225,0.15,-0.28,-0.18,-0.86,-0.51,0.01
20190226,-0.16,-0.68,-0.33,0.09,-0.15,0.01
20190227,0.09,0.15,-0.12,-0.68,-0.07,0.01
20190228,-0.31,-0.01,-0.24,0.27,0.16,0.01
20190301,0.72,0.25,-0.4,-0.36,-0.18,0.009
20190304,-0.52,-0.39,0.38,0.15,-0.08,0.009
20190305,-0.17,-0.32,-0.23,0.29,0,0.009
20190306,-0.84,-1.23,0.04,0.56,0.13,0.009
20190307,-0.82,-0.05,-0.33,-0.38,0.13,0.009
20190308,-0.22,0.06,-0.17,-0.11,-0.28,0.009
20190311,1.49,0.27,-0.52,-0.28,-0.47,0.009
20190312,0.25,-0.31,-0.08,-0.43,0.02,0.009
20190313,0.68,-0.32,0.07,-0.17,0.19,0.009
20190314,-0.1,-0.38,0.31,-0.15,-0.1,0.009
20190315,0.48,-0.24,-0.25,-0.03,-0.19,0.009
20190318,0.46,0.23,0.45,-0.08,-0.07,0.009
20190319,-0.09,-0.47,-0.91,0.01,-0.05,0.009
20190320,-0.39,-0.23,-1.04,-0.17,-0.23,0.009
20190321,1.11,0.17,-1.22,0.31,-0.34,0.009
20190322,-2.17,-1.57,-0.07,0.56,0.6,0.009
20190325,-0.05,0.6,-0.26,0.2,0.04,0.009
20190326,0.76,0.23,0.47,0.05,0.19,0.009
20190327,-0.5,0.16,0.49,0.76,0.09,0.009
20190328,0.4,0.35,0.02,-0.13,-0.08,0.009
20190329,0.66,-0.28,-0.92,0.21,-0.17,0.009
20190401,1.19,-0.19,0.99,-0.07,-0.32,0.01
20190402,-0.05,-0.18,-0.45,-0.39,-0.5,0.01
20190403,0.27,0.23,-0.4,0.13,-0.4,0.01
20190404,0.19,0.35,0.93,0.64,0.22,0.01
20190405,0.52,0.49,-0.07,-0.28,0.1,0.01
20190408,0.08,-0.31,0.1,0.27,-0.03,0.01
20190409,-0.65,-0.6,-0.14,0.12,-0.03,0.01
20190410,0.48,0.95,-0.1,0.09,-0.11,0.01
20190411,0,-0.27,0.41,0.04,0.11,0.01
20190412,0.65,-0.36,0.65,0.53,-0.25,0.01
20190415,-0.09,-0.26,-0.54,0.36,0.08,0.01
20190416,0.13,0.24,0.7,-0.09,-0.13,0.01
20190417,-0.32,-0.53,0.84,1.13,-0.27,0.01
20190418,0.11,-0.28,-0.51,0.15,-0.21,0.01
20190422,0.11,-0.48,-0.55,-0.52,-0.16,0.01
20190423,0.97,0.66,-0.49,-0.11,-0.44,0.01
20190424,-0.23,0.31,-0.08,0.61,0.03,0.01
20190425,-0.14,-0.79,-0.19,-0.64,-0.23,0.01
20190426,0.53,0.48,0.06,-0.08,-0.19,0.01
20190429,0.18,0.16,0.64,-0.38,-0.15,0.01
20190430,-0.04,-0.68,0.28,0.1,0.7,0.01
20190501,-0.83,-0.07,-0.03,0.34,-0.06,0.009
20190502,-0.16,0.46,-0.28,0,0.05,0.009
20190503,1.13,0.93,-0.27,-0.01,-0.34,0.009
20190506,-0.39,0.58,-0.41,0.02,0.06,0.009
20190507,-1.69,-0.27,0.51,0.03,0.32,0.009
20190508,-0.22,-0.21,-0.32,-0.01,0.18,0.009
20190509,-0.28,0.06,0.12,-0.35,0.01,0.009
20190510,0.35,-0.33,0.08,-0.1,0.26,0.009
20190513,-2.67,-0.68,0.29,0.23,0.83,0.009
20190514,0.93,0.34,-0.02,-0.55,0,0.009
20190515,0.58,-0.1,-0.96,0.13,-0.29,0.009
20190516,0.91,-0.45,-0.32,-0.14,-0.23,0.009
20190517,-0.73,-0.76,0.29,0.06,0.32,0.009
20190520,-0.65,-0.11,0.72,0.06,0.42,0.009
20190521,0.9,0.44,-0.34,-0.13,-0.18,0.009
20190522,-0.4,-0.65,-0.6,-0.15,0.2,0.009
20190523,-1.37,-0.72,-0.28,0.31,0.28,0.009
20190524,0.23,0.51,0.3,-0.49,-0.03,0.009
20190528,-0.78,0.21,-0.63,0.01,-0.26,0.009
20190529,-0.71,-0.24,0.42,-0.19,0.01,0.009
20190530,0.14,-0.38,-0.77,0.27,-0.04,0.009
20190531,-1.37,-0.23,-0.09,0.03,0.4,0.009
20190603,-0.4,0.58,1.66,0.27,1.39,0.009
20190604,2.33,0.49,-0.02,0.29,-0.47,0.009
20190605,0.7,-1.06,-0.98,0.06,-0.2,0.009
20190606,0.55,-1.08,0.02,0.06,-0.07,0.009
20190607,1.04,-0.14,-1.21,0.35,-0.65,0.009
20190610,0.53,0.01,0.09,0.39,-0.36,0.009
20190611,-0.12,-0.21,0.55,0.47,0.18,0.009
20190612,-0.2,0.29,-0.99,0.06,0.1,0.009
20190613,0.52,0.68,-0.04,-0.13,-0.06,0.009
20190614,-0.27,-0.74,0.31,0.25,0.14,0.009
20190617,0.15,0.49,-1.12,-0.67,-0.43,0.009
20190618,1.04,0.19,0.33,-0.25,-0.19,0.009
20190619,0.32,0.02,-0.6,-0.21,0.16,0.009
20190620,0.89,-0.4,-0.22,-0.11,-0.11,0.009
20190621,-0.21,-0.46,-0.03,-0.11,0.02,0.009
20190624,-0.34,-0.9,0.08,0.64,-0.02,0.009
20190625,-0.98,0.41,0.71,-0.11,0.56,0.009
20190626,-0.06,0.02,0.25,0.37,-0.39,0.009
20190627,0.59,1.43,-0.09,-0.34,-0.22,0.009
20190628,0.68,0.77,0.61,-0.47,0.11,0.009
20190701,0.75,-0.59,-0.13,-0.14,0.05,0.009
20190702,0.14,-0.97,-0.81,-0.02,-0.01,0.009
20190703,0.78,-0.13,-0.33,-0.35,-0.05,0.009
20190705,-0.1,0.34,0.91,0.13,-0.05,0.009
20190708,-0.58,-0.43,0.04,0.05,-0.26,0.009
20190709,0.18,-0.24,-0.43,-0.64,-0.19,0.009
20190710,0.4,-0.25,-0.36,0.12,-0.02,0.009
20190711,0.19,-0.77,0.05,-0.24,-0.56,0.009
20190712,0.53,0.32,0.41,0.59,-0.09,0.009
20190715,-0.04,-0.47,-1.07,0.13,0.24,0.009
20190716,-0.32,0.41,0.1,0.45,-0.02,0.009
20190717,-0.64,-0.26,-0.65,-0.49,-0.24,0.009
20190718,0.35,-0.27,0.01,-0.36,0.35,0.009
20190719,-0.56,0.3,0.87,0.36,0.09,0.009
20190722,0.25,-0.55,-0.48,-0.19,-0.01,0.009
20190723,0.65,-0.07,0.8,0.67,0.34,0.009
20190724,0.66,0.93,0.86,-0.08,-0.09,0.009
20190725,-0.63,-0.68,-0.12,0.16,0.05,0.009
20190726,0.82,0.33,-0.19,-0.61,-0.25,0.009
20190729,-0.32,-0.35,-0.47,0.31,0.37,0.009
20190730,-0.17,1.42,0.89,-0.18,0.1,0.009
20190731,-1.09,0.26,0.61,0.2,0.53,0.009
20190801,-1.04,-0.76,-1.91,-0.54,-0.3,0.007
20190802,-0.87,-0.26,0.06,0.15,0.19,0.007
20190805,-3.07,0.05,0,-0.07,0.27,0.007
20190806,1.29,-0.54,-0.6,-0.26,-0.25,0.007
20190807,0.07,-0.11,-0.88,0.15,-0.16,0.007
20190808,1.97,-0.04,-0.22,0.27,-0.3,0.007
20190809,-0.78,-0.5,-0.22,-0.49,-0.02,0.007
20190812,-1.32,0.22,-0.28,0.15,0.23,0.007
20190813,1.47,-0.34,-0.54,0.35,-0.05,0.007
20190814,-2.95,0.02,-0.52,-0.38,0.01,0.007
20190815,0.16,-0.69,-0.53,-0.08,-0.46,0.007
20190816,1.55,0.64,0.61,0.14,-0.06,0.007
20190819,1.14,0.03,0.22,0.37,0,0.007
20190820,-0.75,0.18,-0.5,0.12,-0.18,0.007
20190821,0.85,-0.03,-0.3,-0.02,-0.01,0.007
20190822,-0.1,-0.34,0.49,0.23,0.26,0.007
20190823,-2.66,-0.61,-0.19,-0.63,-0.24,0.007
20190826,1.08,-0.03,-0.17,0.19,-0.15,0.007
20190827,-0.46,-1,-0.68,0.27,0.07,0.007
20190828,0.68,0.62,0.62,0.34,0.21,0.007
20190829,1.35,0.4,0.34,0.17,-0.18,0.007
20190830,0.03,-0.25,0.23,0.1,0.13,0.007
20190903,-0.87,-0.93,0.1,-0.2,0.45,0.009
20190904,1.08,-0.15,0.43,0.24,-0.07,0.009
20190905,1.42,0.55,0.71,0.43,-0.01,0.009
20190906,-0.02,-0.36,0.04,0.16,0.42,0.009
20190909,0.07,1.35,3.07,0.86,0.43,0.009
20190910,0.17,1.41,1.13,-0.03,0.59,0.009
20190911,0.88,1.37,-0.04,-0.23,0.34,0.009
20190912,0.22,-0.39,-0.13,-0.23,-0.17,0.009
20190913,-0.01,0.18,0.74,-0.03,-0.1,0.009
20190916,-0.23,0.88,0.53,-0.31,0.05,0.009
20190917,0.17,-0.79,-1.2,-0.19,-0.35,0.009
20190918,-0.05,-0.78,0.05,-0.12,0.04,0.009
20190919,-0.05,-0.49,-0.46,0.04,-0.2,0.009
20190920,-0.48,0.29,0.15,-0.59,0.08,0.009
20190923,-0.02,-0.11,0.51,0.26,0.27,0.009
20190924,-1.01,-0.75,0,0.18,0.45,0.009
20190925,0.69,0.42,0.53,0.42,0.01,0.009
20190926,-0.41,-0.98,0.11,0.36,0.29,0.009
20190927,-0.62,-0.17,0.89,0.24,0.56,0.009
20190930,0.5,-0.26,-0.48,0.62,-0.02,0.009
20191001,-1.31,-0.66,-0.59,0.1,-0.19,0.007
20191002,-1.73,0.77,-0.36,-0.48,-0.25,0.007
20191003,0.8,-0.38,-0.89,-0.19,-0.18,0.007
20191004,1.39,-0.5,-0.07,-0.01,0.03,0.007
20191007,-0.41,0.13,-0.02,-0.07,-0.26,0.007
20191008,-1.61,-0.15,-0.13,0.44,0.02,0.007
20191009,0.92,-0.57,-0.09,0.13,-0.17,0.007
20191010,0.59,-0.26,0.26,0.12,-0.09,0.007
20191011,1.23,0.6,0.2,0.48,0.3,0.007
20191014,-0.18,-0.35,-0.04,-0.17,-0.08,0.007
20191015,1.03,0.25,-0.25,-0.22,-0.69,0.007
20191016,-0.24,0.47,0.23,0.39,0.26,0.007
20191017,0.37,0.79,-0.29,0.11,-0.04,0.007
20191018,-0.49,-0.14,0.86,-0.08,0.38,0.007
20191021,0.71,0.3,0.36,0.02,0.02,0.007
20191022,-0.34,0.49,0.86,0.42,0.32,0.007
20191023,0.25,-0.1,0.26,-0.01,0.08,0.007
20191024,0.25,-0.5,-0.89,-0.05,-0.66,0.007
20191025,0.51,0.39,0.08,0.34,-0.04,0.007
20191028,0.62,0.28,-0.24,0.01,-0.04,0.007
20191029,-0.13,0.4,0.5,-0.06,0.1,0.007
20191030,0.27,-0.64,-1.16,-0.48,-0.02,0.007
20191031,-0.38,-0.34,-0.43,-0.28,0.19,0.007
20191101,1.08,0.65,0.84,-0.18,0.14,0.006
20191104,0.4,0.32,1.36,0.61,0.13,0.006
20191105,-0.03,0.39,0.45,0.01,-0.02,0.006
20191106,-0.05,-0.8,0.24,-0.18,0.31,0.006
20191107,0.38,-0.01,0.52,0.08,-0.21,0.006
20191108,0.31,0,-0.36,-0.13,0.05,0.006
20191111,-0.19,-0.07,-0.19,-0.07,-0.08,0.006
20191112,0.16,-0.18,-0.15,-0.16,-0.22,0.006
20191113,0.01,-0.41,-0.82,-0.28,-0.03,0.006
20191114,0.07,-0.15,-0.25,0.12,-0.35,0.006
20191115,0.74,-0.29,-0.33,-0.02,0.05,0.006
20191118,0.02,-0.36,-0.52,-0.03,-0.33,0.006
20191119,0.02,0.35,-0.95,-0.86,-0.22,0.006
20191120,-0.33,-0.14,-0.46,-0.55,-0.29,0.006
20191121,-0.14,-0.31,0.1,0.08,-0.1,0.006
20191122,0.24,0.16,0.22,0.17,0.05,0.006
20191125,0.92,1.27,-0.37,0.1,0.02,0.006
20191126,0.19,-0.09,-0.9,0.2,-0.25,0.006
20191127,0.44,0.22,-0.03,0.04,-0.02,0.006
20191129,-0.42,-0.11,-0.31,-0.47,0,0.006
20191202,-0.87,-0.13,0.48,0.1,0.19,0.007
20191203,-0.66,0.42,-0.83,-0.51,-0.55,0.007
20191204,0.6,0.21,0.25,0.16,0.09,0.007
20191205,0.13,-0.14,0.47,0.25,0.35,0.007
20191206,0.91,0.38,0.37,0.33,0.22,0.007
20191209,-0.33,0.31,0.11,-0.13,-0.22,0.007
20191210,-0.08,0.27,-0.08,-0.2,0.04,0.007
20191211,0.28,-0.09,0.14,0.32,0.16,0.007
20191212,0.9,0.12,1.15,0.12,0.2,0.007
20191213,-0.03,-0.45,-0.55,-0.27,-0.24,0.007
20191216,0.74,-0.03,-0.05,-0.39,0.2,0.007
20191217,0.1,0.48,0.67,0.11,-0.03,0.007
20191218,-0.05,0.3,0.09,0.28,0,0.007
20191219,0.43,-0.14,-0.42,-0.25,-0.03,0.007
20191220,0.48,-0.27,-0.31,0.01,-0.07,0.007
20191223,0.1,0.16,-0.35,-0.13,0.34,0.007
20191224,0.01,0.37,0,-0.28,0.04,0.007
20191226,0.48,-0.56,0,0.25,-0.18,0.007
20191227,-0.1,-0.55,-0.07,0.26,0.1,0.007
20191230,-0.57,0.28,0.55,0.11,0.38,0.007
20191231,0.28,0.01,0.12,-0.12,0.25,0.007
20200102,0.86,-0.97,-0.33,0.24,-0.22,0.006
20200103,-0.67,0.3,0,-0.13,-0.11,0.006
20200106,0.36,-0.21,-0.55,-0.17,-0.26,0.006
20200107,-0.19,-0.03,-0.25,-0.13,-0.24,0.006
20200108,0.47,-0.16,-0.66,-0.16,-0.18,0.006
20200109,0.65,-0.71,-0.48,-0.14,0.04,0.006
20200110,-0.34,-0.27,-0.33,0.04,-0.08,0.006
20200113,0.73,-0.1,-0.08,0.34,0.27,0.006
20200114,-0.06,0.47,-0.18,-0.34,-0.05,0.006
20200115,0.16,0.27,-0.81,-0.09,-0.17,0.006
20200116,0.88,0.52,-0.12,0.03,-0.1,0.006
20200117,0.28,-0.63,-0.13,0.23,0,0.006
20200121,-0.32,-0.67,-0.62,-0.11,-0.25,0.006
20200122,0.08,-0.24,0.01,-0.27,0.01,0.006
20200123,0.07,-0.07,-0.14,0.28,-0.07,0.006
20200124,-0.97,-0.5,-0.29,0.17,-0.03,0.006
20200127,-1.56,0.26,-0.41,-0.53,0.02,0.006
20200128,1.02,-0.13,-0.42,0.16,-0.05,0.006
20200129,-0.11,-0.43,-0.98,0.26,0.09,0.006
20200130,0.34,-0.65,0.69,-0.45,-0.24,0.006
20200131,-1.74,-0.5,-0.35,-0.45,-0.66,0.006
20200203,0.84,0.36,-0.67,-0.69,-0.42,0.006
20200204,1.57,-0.15,-0.66,0.34,-0.16,0.006
20200205,0.97,0.75,1.47,0.96,0.66,0.006
20200206,0.27,-0.58,-0.84,-0.02,-0.4,0.006
20200207,-0.55,-0.83,-0.04,-0.21,-0.58,0.006
20200210,0.73,-0.17,-0.89,-0.11,-0.51,0.006
20200211,0.28,0.34,1.05,0.24,0.33,0.006
20200212,0.66,0.15,-0.34,0.19,0.07,0.006
20200213,-0.09,0.15,0.01,-0.13,-0.39,0.006
20200214,0.15,-0.57,-0.66,-0.24,-0.3,0.006
20200218,-0.19,0,-0.65,-0.41,-0.68,0.006
20200219,0.6,0.19,0.04,0.18,-0.24,0.006
20200220,-0.35,0.63,0.68,0.16,-0.04,0.006
20200221,-1.12,-0.05,-0.01,-0.18,0.37,0.006
20200224,-3.39,0.15,0.01,-0.34,0.22,0.006
20200225,-3.09,-0.36,-0.68,-0.64,-0.04,0.006
20200226,-0.53,-0.75,-1.2,-0.48,-0.18,0.006
20200227,-4.22,0.72,0.05,-0.41,-0.01,0.006
20200228,-0.78,0.1,-0.8,0.26,-0.51,0.006
20200302,4.31,-1.91,-0.43,-0.53,0.43,0.006
20200303,-2.79,0.68,-0.63,-0.44,0.33,0.006
20200304,4.03,-1.22,-1.17,0.07,0.28,0.006
20200305,-3.38,-0.15,-1.4,-0.9,0.06,0.006
20200306,-1.78,-0.21,-1.49,0.69,0.35,0.006
20200309,-7.79,-1.33,-4.76,0.07,0.46,0.006
20200310,4.74,-2.38,0.8,0.53,0.06,0.006
20200311,-5.05,-1.04,-0.8,0.02,0.09,0.006
20200312,-9.63,-1.06,-1.17,-0.33,-0.16,0.006
20200313,8.96,-2.03,3.03,1.2,0.35,0.006
20200316,-12,-0.82,-0.73,0.47,1.38,0.006
20200317,5.87,0.45,-0.6,-0.59,-0.21,0.006
20200318,-5.56,-4.55,-4.69,0.09,0.06,0.006
20200319,1.31,5.72,0.82,-1.31,-1.69,0.006
20200320,-4.15,0.23,-0.89,-0.95,-1.13,0.006
20200323,-2.55,1.73,-3.29,0.33,-1.07,0.006
20200324,9.34,-0.29,2.37,0.47,0.17,0.006
20200325,1.18,-0.21,1.91,-0.07,0.25,0.006
20200326,6.02,-0.51,1.09,-0.62,-0.01,0.006
20200327,-3.48,-1.1,-0.78,-1.11,0.77,0.006
20200330,3.16,-0.76,-2.09,-0.28,-0.13,0.006
20200331,-1.44,1.53,-0.37,0.4,-0.05,0.006
20200401,-4.5,-1.99,-1.39,0.21,0.22,0
20200402,2.1,-0.97,-0.28,-0.24,0.81,0
20200403,-1.64,-1.38,-1.18,-0.23,0.37,0
20200406,7.06,1.17,0.31,1.29,-0.8,0
20200407,-0.11,0.11,2.08,0.9,-0.34,0
20200408,3.4,0.84,1.29,0.46,-0.09,0
20200409,1.59,2.43,3.16,-0.88,-0.06,0
20200413,-0.92,-1.45,-2.41,-0.49,0.03,0
20200414,3.02,-0.72,-3.16,0.26,-0.33,0
20200415,-2.15,-1.95,-2.55,-0.4,-0.22,0
20200416,0.62,-0.8,-2.97,-0.29,-0.3,0
20200417,2.72,1.51,2.77,-0.15,-0.02,0
20200420,-1.56,0.39,-0.91,-1.75,-0.39,0
20200421,-3.08,0.93,0.16,0.27,0.41,0
20200422,2.31,-0.88,-1.64,0.1,0.04,0
20200423,0.13,1.26,0.54,0.54,-0.24,0
20200424,1.44,0.23,-0.13,-0.18,0.15,0
20200427,1.73,2.15,2.71,-0.13,0.14,0
20200428,-0.45,1.72,2.85,1.35,0.74,0
20200429,2.92,2.31,2,1.23,-0.86,0
20200430,-1.18,-2.05,-1.69,0.64,-0.03,0
20200501,-2.91,-0.89,-0.96,-0.36,0.35,0
20200504,0.54,-0.12,-1.27,-0.76,-0.45,0
20200505,0.95,-0.29,-2.02,-0.49,-0.51,0
20200506,-0.52,0.11,-2.7,0.22,-0.57,0
20200507,1.33,0.15,0.41,-0.12,-0.6,0
20200508,1.9,1.89,2.46,0.84,0.42,0
20200511,0.07,-0.21,-3.78,-0.84,-0.04,0
20200512,-2.06,-1.11,-1.36,-0.61,-0.03,0
20200513,-1.89,-1.42,-2.09,-0.07,-0.27,0
20200514,1.14,-1.08,0.94,0.61,0.16,0
20200515,0.57,1.34,-1.15,0,-0.77,0
20200518,3.24,2.65,4.61,1.67,0.32,0
20200519,-1.01,-0.75,-1.49,0.51,-0.59,0
20200520,1.8,1.22,1.32,-0.25,-0.26,0
20200521,-0.7,0.74,0.4,0.15,0.04,0
20200522,0.27,0.26,-0.85,-0.55,-0.34,0
20200526,1.23,1.23,4.56,1.04,0.59,0
20200527,1.54,1.42,3.62,0.77,0.36,0
20200528,-0.41,-2.07,-2.43,-0.24,0.09,0
20200529,0.6,-0.79,-1.97,-0.32,-0.38,0
20200601,0.52,0.26,0.42,-0.01,-0.14,0
20200602,0.81,0.06,0.54,0.14,0.26,0
20200603,1.41,0.75,2.62,0.73,0.17,0
20200604,-0.34,0.5,2.89,0.98,0.63,0
20200605,2.5,1.07,2.76,0.73,0.05,0
20200608,1.39,0.67,2.08,-0.48,0.57,0
20200609,-0.85,-0.78,-1.92,-0.04,-0.47,0
20200610,-0.56,-1.8,-4.1,-0.33,-0.5,0
20200611,-5.91,-1.46,-3.05,-0.19,-0.23,0
20200612,1.29,0.78,1.83,0.13,0.1,0
20200615,1.1,1.45,-0.4,-0.74,-0.24,0
20200616,1.87,0.6,0.51,0.62,0.13,0
20200617,-0.4,-1.32,-1.98,-0.56,-0.24,0
20200618,0.19,0.02,-0.53,-0.4,-0.26,0
20200619,-0.45,-0.13,-0.65,-0.73,-0.19,0
20200622,0.71,0.49,-1.38,-0.34,-0.52,0
20200623,0.42,0.23,-0.61,0.6,-0.1,0
20200624,-2.61,-0.7,-1.35,-0.09,0.27,0
20200625,1.12,0.34,0.5,-0.79,0.16,0
20200626,-2.44,-0.2,-1.41,0.01,0.63,0
20200629,1.51,1.48,1.84,1.48,0.36,0
20200630,1.58,0,0.02,-0.4,-0.31,0
20200701,0.41,-1.71,-2.56,-0.4,-1.23,0.001
20200702,0.5,0.01,-0.13,0.42,0.15,0.001
20200706,1.65,-0.68,0.33,0.26,0.02,0.001
20200707,-1.03,-0.98,-1.48,-1.1,-0.09,0.001
20200708,0.91,0.07,-0.46,-0.42,-0.26,0.001
20200709,-0.53,-1.57,-2.61,-0.32,-0.54,0.001
20200710,1.11,0.68,3.05,0.85,0.19,0.001
20200713,-1.2,-0.29,2.04,1.07,1.11,0.001
20200714,1.35,0.39,-0.28,-0.02,0.51,0.001
20200715,1.14,2.7,1.26,0.17,0.07,0.001
20200716,-0.37,-0.15,0.81,0.25,0.35,0.001
20200717,0.3,-0.16,-1.43,-1.08,0.03,0.001
20200720,1.01,-1.12,-2.36,-0.82,-1.21,0.001
20200721,0.16,1.49,3.23,0.5,0.92,0.001
20200722,0.49,-0.63,-0.38,0.48,0.01,0.001
20200723,-1.2,1.23,1.96,-0.22,0.12,0.001
20200724,-0.75,-0.81,0.45,0.28,0.03,0.001
20200727,0.88,0.3,-2,-0.19,0.1,0.001
20200728,-0.81,-0.45,1.01,0.29,0.05,0.001
20200729,1.35,0.6,0.84,0.24,0.13,0.001
20200730,-0.29,0.01,-1.83,-0.54,-0.13,0.001
20200731,0.61,-1.84,-0.66,0.77,0.73,0.001
20200803,0.98,1.09,-0.84,-0.27,0.39,0
20200804,0.37,0.44,0.02,0.11,0.11,0
20200805,0.78,1.25,0.82,0.19,-0.09,0
20200806,0.53,-0.65,-0.75,0.64,-0.05,0
20200807,0.02,1.59,2.41,0.52,0.15,0
20200810,0.24,1.32,1.75,0.85,1.25,0
20200811,-0.83,0.18,1.63,0.91,0.03,0
20200812,1.4,-0.82,-1.37,0.91,-0.12,0
20200813,-0.01,-0.14,-1.33,-0.64,-0.5,0
20200814,-0.04,0.04,1.09,0.44,0.19,0
20200817,0.45,0.04,-1.92,-0.8,-0.48,0
20200818,0.22,-1.33,-1.39,0.02,-0.53,0
20200819,-0.38,0.48,0.11,-0.03,-0.12,0
20200820,0.31,-0.96,-1.55,0.1,-0.45,0
20200821,0.25,-1.25,-0.42,0.61,0.71,0
20200824,0.92,0.2,2.6,1.13,0.58,0
20200825,0.36,-0.01,-0.64,-0.46,-0.7,0
20200826,1,-1.72,-1.76,-0.13,-0.84,0
20200827,0.18,-0.01,0.94,0.57,-0.52,0
20200828,0.7,0.39,-0.23,0.13,-0.07,0
20200831,-0.04,-0.93,-1.75,-0.7,-0.12,0
20200901,0.92,0.19,-0.31,0.62,0.15,0
20200902,1.27,-0.26,-0.44,0.77,-0.42,0
20200903,-3.7,0.43,2.61,-0.09,-0.15,0
20200904,-0.87,0.34,2.06,0.79,0.87,0
20200908,-2.91,0.91,-0.29,-0.72,-0.63,0
20200909,2.07,-0.61,-1.99,-0.17,-0.2,0
20200910,-1.64,0.37,-0.05,-0.37,-0.36,0
20200911,-0.06,-0.62,0.9,0.23,0.48,0
20200914,1.59,1,-0.77,-0.8,-0.06,0
20200915,0.57,-0.64,-1.42,0.14,-0.36,0
20200916,-0.39,1.23,1.32,-0.93,0.26,0
20200917,-0.85,0.46,0.2,0.07,0.63,0
20200918,-0.88,0.79,-0.21,-1.12,-0.46,0
20200921,-1.08,-2.68,-1.9,-0.48,-0.27,0
20200922,1.02,-0.46,-1.65,0.58,-0.48,0
20200923,-2.48,-0.66,0.18,0.21,-0.19,0
20200924,0.25,-0.19,0.38,0.51,0.11,0
20200925,1.72,-0.16,-1.36,-0.5,-0.63,0
20200928,1.66,0.88,1.03,0.4,0.19,0
20200929,-0.42,0.38,-1.32,-0.77,-0.59,0
20200930,0.79,-0.68,0.15,0.33,0.11,0
20201001,0.79,0.79,-0.55,-0.01,-0.59,0
20201002,-0.96,1.67,2.46,0.59,0.32,0
20201005,1.93,0.89,-0.12,-0.49,0.15,0
20201006,-1.28,0.84,0.26,-0.51,-0.04,0
20201007,1.84,0.49,0.23,-0.28,0.12,0
20201008,0.8,0.29,0.99,0.23,0.24,0
20201009,0.92,-0.32,-1.4,-0.16,-0.32,0
20201012,1.53,-1.03,-0.06,0.81,0.31,0
20201013,-0.41,-0.19,-1.72,-0.84,-0.98,0
20201014,-0.65,0,0.03,0.34,0.67,0
20201015,-0.08,1.18,1.14,0.15,0.2,0
20201016,-0.06,-0.12,0.08,-0.04,-0.14,0
20201019,-1.53,0.37,0.29,-0.34,-0.24,0
20201020,0.34,-0.08,1.24,0.54,0.18,0
20201021,-0.36,-0.48,0.4,0.51,0.01,0
20201022,0.67,0.93,1.03,-0.59,-0.1,0
20201023,0.38,0.36,0.03,-0.13,-0.34,0
20201026,-1.85,-0.5,-0.37,-0.14,-0.04,0
20201027,-0.23,-0.66,-2.29,-0.36,-0.78,0
20201028,-3.41,0.17,0.59,-0.45,-0.02,0
20201029,1.13,0.15,0.25,0.29,0.61,0
20201030,-1.45,-0.23,1.85,0.24,-0.07,0
20201102,1.17,0.87,0.99,0.41,0.4,0
20201103,1.93,1.01,-0.18,-0.2,0,0
20201104,2.25,-2.59,-4.97,-0.64,-1.8,0
20201105,2.13,1.03,0.51,0.35,0.58,0
20201106,0.01,-1.13,-0.91,-0.24,-0.12,0
20201109,0.87,2.82,6.73,0.75,0.81,0
20201110,-0.17,2.07,2.22,0.32,1.24,0
20201111,0.88,-1.12,-1.69,-0.59,-0.24,0
20201112,-0.94,-0.6,-1.14,-0.63,-0.28,0
20201113,1.31,0.97,1.08,0.54,0.5,0
20201116,1.22,1.26,1.96,0.69,0.9,0
20201117,-0.19,0.58,0.01,-0.38,-0.46,0
20201118,-0.93,-0.03,-0.04,0.04,-0.37,0
20201119,0.59,0.27,-0.8,-0.66,-0.2,0
20201120,-0.51,0.6,-0.59,-0.76,-0.09,0
20201123,0.83,1.4,1.53,0.35,0.06,0
20201124,1.56,0.54,2.76,0.5,0.53,0
20201125,0.03,-0.27,-1.34,-0.39,-0.54,0
20201127,0.43,0.15,-1.62,-0.77,-0.3,0
20201130,-0.53,-1.54,-2.05,-0.5,0.49,0
20201201,0.98,-0.1,0.55,1.06,0.49,0
20201202,0.11,0.21,1.07,0.37,0.6,0
20201203,0.18,0.54,-0.06,-0.25,0.15,0
20201204,1.02,1.56,0.88,-0.3,0.55,0
20201207,0.03,-0.06,-1.03,-0.58,-0.48,0
20201208,0.47,0.87,-0.67,-0.7,-0.02,0
20201209,-1.03,0.31,1.28,0.86,0.27,0
20201210,0.24,0.92,-0.46,-1.51,-0.28,0
20201211,-0.2,-0.59,-0.7,-0.56,-0.57,0
20201214,-0.28,0.21,-1.51,-0.4,-0.82,0
20201215,1.28,1.15,0.34,0.42,0.57,0
20201216,0.17,-0.59,-0.36,0.05,-0.21,0
20201217,0.79,0.52,-0.73,-0.6,-0.19,0
20201218,-0.12,-0.2,-1.15,-0.38,-0.78,0
20201221,-0.23,0.2,-0.01,-0.99,0.27,0
20201222,0.06,0.83,-1.59,-0.83,-0.08,0
20201223,0.1,0.9,1.98,0.24,0.47,0
20201224,0.21,-0.43,-0.2,0.24,-0.06,0
20201228,0.46,-0.68,0.37,1.38,0.46,0
20201229,-0.4,-1.42,0.24,0.79,-0.3,0
20201230,0.27,1.06,0.04,-0.66,-0.05,0
20201231,0.39,-0.71,0.4,0.56,-0.22,0
20210104,-1.41,0.24,0.48,-0.71,0.22,0
20210105,0.86,1.33,0.48,0.34,0.6,0
20210106,0.79,3.18,3.91,0.01,0.58,0
20210107,1.76,0,-0.79,-1.47,-0.23,0
20210108,0.51,-1.05,-1.32,-0.39,-0.44,0
20210111,-0.52,0.56,1.24,-0.18,0.47,0
20210112,0.38,1.48,1.21,-0.45,0.43,0
20210113,0.07,-1.02,-0.46,-0.21,-0.04,0
20210114,-0.11,2.4,1.08,-1.03,0.47,0
20210115,-0.86,-0.75,-0.75,0.28,-0.47,0
20210119,0.92,0.74,-0.79,-0.69,0.09,0
20210120,1.26,-0.75,-1.07,0.64,-0.4,0
20210121,-0.04,-0.75,-0.96,0.83,0.39,0
20210122,-0.07,1.62,-0.09,-0.68,0.6,0
20210125,0.29,-0.3,-0.39,0.24,0.96,0
20210126,-0.32,0.03,-0.05,0.98,1.14,0
20210127,-2.53,1.21,1.55,0.55,2.52,0
20210128,0.92,-1.69,-0.91,-1.04,-2.3,0
20210129,-1.84,0.43,0.58,-0.76,0.4,0
20210201,1.73,0.75,-1.47,-0.24,-1.22,0
20210202,1.48,-0.8,-1.07,-1,-2.19,0
20210203,0.16,0.72,0.66,-0.12,0.21,0
20210204,1.23,0.6,0.36,-0.11,-0.23,0
20210205,0.57,0.96,-0.48,-0.72,0.42,0
20210208,0.96,2.22,0.41,-0.93,0.7,0
20210209,0.05,0.72,-0.21,-0.77,-0.45,0
20210210,-0.08,-0.45,0.62,0.22,-0.02,0
20210211,0.19,-0.32,-0.46,-0.3,-0.04,0
20210212,0.49,-0.11,0.47,-0.38,-0.03,0
20210216,-0.14,-0.21,1.87,0.14,0.02,0
20210217,-0.21,-0.68,0.61,0.28,-0.15,0
20210218,-0.64,-1.49,-0.18,0.92,-0.46,0
20210219,0.16,2.04,0.72,-0.45,0.54,0
20210222,-1.13,0.71,3.17,1.69,0.86,0
20210223,-0.15,-1.03,0.89,1.15,-0.21,0
20210224,1.15,1.49,1.42,-0.31,0.33,0
20210225,-2.74,-0.92,0.91,1,0.41,0
20210226,-0.28,0.3,-1.55,0,-0.43,0
20210301,2.63,1.17,0.15,-0.45,0.32,0
20210302,-1.05,-0.77,1.23,0.62,0.21,0
20210303,-1.57,0.64,3.56,1.66,1.05,0
20210304,-1.7,-1.1,1.72,1.28,0.43,0
20210305,1.85,0.36,0.63,0.97,0.49,0
20210308,-0.67,1.49,3.68,1.61,0.9,0
20210309,1.79,0.45,-3.24,-1.86,-0.46,0
20210310,0.68,1.2,1.82,-0.07,0.16,0
20210311,1.43,1.06,-1.98,-1.39,-0.84,0
20210312,0.1,0.53,1.29,0.62,0.6,0
20210315,0.7,-0.3,-1.32,0.21,0.1,0
20210316,-0.43,-1.37,-0.81,0.31,-0.03,0
20210317,0.33,0.63,0.32,-0.03,0.15,0
20210318,-1.88,-1.21,2.15,0.94,0.46,0
20210319,0.25,0.93,-0.97,-0.78,-0.56,0
20210322,0.55,-1.71,-2.24,-0.23,-0.07,0
20210323,-1.17,-2.95,-1.05,0.58,-0.78,0
20210324,-1,-1.57,1.46,1.38,0.12,0
20210325,0.67,2.01,1.4,0.45,1.13,0
20210326,1.55,0.2,0.68,0.79,0.59,0
20210329,-0.49,-2.48,-0.21,0.9,-0.03,0
20210330,-0.02,1.83,1,-0.26,-0.2,0
20210331,0.63,0.58,-2.31,-1.17,-0.27,0
20210401,1.27,0.21,-0.02,-0.69,-0.49,0
20210405,1.27,-0.69,-0.72,0.99,0.1,0
20210406,0.01,-0.33,0.1,-0.11,-0.27,0
20210407,-0.12,-1.54,0.3,0.69,-0.1,0
20210408,0.62,0.27,-1.16,-0.54,-0.38,0
20210409,0.65,-0.62,0.13,0.79,0.14,0
20210412,-0.05,-0.46,0.58,0.73,-0.34,0
20210413,0.41,-0.78,-1.58,-1.06,-0.39,0
20210414,-0.35,1.17,1.42,0.02,0.68,0
20210415,1.04,-0.78,-1.18,0.1,-0.54,0
20210416,0.27,-0.19,0.64,0.82,0.18,0
20210419,-0.73,-0.66,0.78,0.73,0.43,0
20210420,-0.94,-1.37,-1.57,0.39,-0.48,0
20210421,1.11,1.52,0.11,-0.46,0.09,0
20210422,-0.77,0.63,-0.78,-0.2,-0.2,0
20210423,1.26,0.76,0.7,-0.34,0.05,0
20210426,0.43,0.79,-0.48,-1.2,-0.07,0
20210427,-0.03,0.08,0.86,0.54,0.04,0
20210428,-0.06,0.29,0.2,-0.3,-0.34,0
20210429,0.39,-0.76,1.07,1.34,-0.22,0
20210430,-0.83,-0.51,-0.32,0.12,-0.44,0
20210503,0.17,0.75,1.7,1.05,1.08,0
20210504,-0.89,-0.25,1.99,1.1,0.6,0
20210505,-0.05,-0.16,1.33,0.65,0.64,0
20210506,0.48,-0.53,1.21,1.24,0.59,0
20210507,0.84,0.46,-0.1,-0.24,0.14,0
20210510,-1.36,-1.29,1.69,1.17,0.74,0
20210511,-0.63,0.68,-0.86,-0.82,-0.08,0
20210512,-2.34,-1.14,0.7,-0.28,0.13,0
20210513,1.02,0.46,1.14,1.39,0.36,0
20210514,1.81,0.97,-0.14,-0.24,-0.02,0
20210517,-0.24,0.73,0.82,0.01,0.57,0
20210518,-0.69,0.04,-0.92,-1.02,-0.44,0
20210519,-0.34,-0.52,-0.45,-0.18,-0.33,0
20210520,1.15,-0.5,-1.4,-0.84,-0.51,0
20210521,-0.04,0.45,0.98,-0.12,-0.07,0
20210524,0.99,-0.48,-0.67,0.27,-0.31,0
20210525,-0.3,-0.87,-1.2,0.22,-0.19,0
20210526,0.47,1.79,0.55,-0.55,0.15,0
20210527,0.28,1.08,0.95,-0.27,0.29,0
20210528,0.04,-0.36,-0.32,-0.2,-0.41,0
20210601,0.03,1.42,1.43,0.29,0.42,0
20210602,0.12,-0.21,0.34,-0.08,0.68,0
20210603,-0.53,-0.25,0.73,0.41,0.31,0
20210604,0.89,-0.6,-0.9,-0.13,-0.21,0
20210607,0.15,1.25,-0.91,-0.98,-0.24,0
20210608,0.19,1.08,-0.31,0.06,-0.05,0
20210609,-0.3,-0.45,-0.84,0.16,0.16,0
20210610,0.4,-1.34,-2.03,-0.53,-1.09,0
20210611,0.37,0.71,0.18,0.05,-0.02,0
20210614,0.15,-0.75,-1.62,-0.58,-0.49,0
20210615,-0.3,0.23,1.3,0.69,0.12,0
20210616,-0.45,0.43,0.19,-0.34,-0.24,0
20210617,0.01,-1.35,-3.57,-0.68,-1.1,0
20210618,-1.22,-0.8,-1.45,-0.42,-0.69,0
20210621,1.35,0.83,1.04,0.41,0.34,0
20210622,0.58,-0.09,-0.46,0.19,0.24,0
20210623,0.01,0.5,-0.28,-0.48,-0.23,0
20210624,0.69,0.74,0.25,-0.38,0.24,0
20210625,0.32,-0.51,0.44,-0.13,0.04,0
20210628,0.22,-0.84,-1.59,-0.51,-0.13,0
20210629,0,-0.41,-0.28,0.32,0.39,0
20210630,0.07,0.12,0.77,0.73,0.62,0
20210701,0.43,0.4,0.41,0.01,0.42,0
20210702,0.56,-1.52,-0.72,0.67,-0.15,0
20210706,-0.28,-1.04,-2,0.57,-0.71,0
20210707,0.09,-0.86,0.08,1.7,0.33,0
20210708,-0.86,-0.01,-0.77,-0.22,-0.03,0
20210709,1.25,0.84,1.57,-0.18,0.36,0
20210712,0.23,-0.02,0.58,0.3,-0.29,0
20210713,-0.56,-1.22,-0.42,0.71,0.13,0
20210714,-0.26,-1.17,0.34,1.93,0.6,0
20210715,-0.38,-0.26,0.79,0.34,-0.07,0
20210716,-0.77,-0.38,-1.28,0.12,-0.83,0
20210719,-1.42,0.04,-1.75,-0.43,-1.12,0
20210720,1.69,0.84,0.16,-0.56,0.38,0
20210721,0.95,0.71,0.81,-0.98,0.06,0
20210722,0.09,-1.55,-1.01,0.5,-0.38,0
20210723,0.98,-0.32,-0.48,0.48,-0.36,0
20210726,0.18,0.09,1.34,0.27,0.88,0
20210727,-0.66,-0.45,0.58,0.45,0.11,0
20210728,0.27,1.21,-0.66,-1.55,-0.73,0
20210729,0.41,0.22,0.94,0.82,0.52,0
20210730,-0.65,-0.08,-0.17,0.56,0.39,0
20210802,-0.12,-0.12,-0.41,-0.06,-0.31,0
20210803,0.73,-0.4,0.92,0.64,0.2,0
20210804,-0.39,-0.95,-1.58,-0.36,-1.09,0
20210805,0.74,1.06,-0.09,-1.31,-0.43,0
20210806,0.09,0.46,1.9,0.6,0.33,0
20210809,0.01,-0.45,-0.27,-0.62,-0.54,0
20210810,0.06,0.36,1.85,0.73,0.9,0
20210811,0.19,0.29,1.41,0.88,0.5,0
20210812,0.24,-0.69,-0.39,0.06,0.1,0
20210813,0,-0.95,-0.24,0.7,-0.01,0
20210816,-0.05,-0.86,0.04,1.66,0.16,0
20210817,-0.8,-0.49,-0.12,-0.3,0.1,0
20210818,-0.95,0.11,-0.17,-0.29,-0.67,0
20210819,-0.15,-0.95,-0.83,1.39,-0.46,0
20210820,0.92,0.85,-0.47,-0.38,-0.3,0
20210823,1.08,0.76,-0.84,-1.84,-0.06,0
20210824,0.41,0.41,0.36,-0.73,0.08,0
20210825,0.26,0.05,0.37,-0.41,-0.02,0
20210826,-0.65,-0.43,-0.33,-0.06,-0.16,0
20210827,1.07,1.64,0.31,-0.71,0.14,0
20210830,0.35,-0.69,-1.36,0.66,0.13,0
20210831,-0.13,0.46,-0.05,-0.46,-0.22,0
20210901,0.11,0.39,-0.93,-0.42,-0.37,0
20210902,0.36,0.21,-0.04,-0.43,0.58,0
20210903,-0.01,-0.55,-0.27,0.04,-0.28,0
20210907,-0.36,-0.37,-0.08,-0.59,0.17,0
20210908,-0.34,-0.74,0.08,0.75,0.19,0
20210909,-0.27,0.25,0.09,-0.79,-0.31,0
20210910,-0.76,-0.03,0.03,0.21,-0.47,0
20210913,0.14,0.22,1.33,0.21,0.99,0
20210914,-0.66,-0.67,-0.97,0.44,-0.47,0
20210915,0.88,0.12,0.65,-0.24,0.48,0
20210916,-0.03,-0.08,-0.56,-0.41,-0.56,0
20210917,-0.72,0.97,-0.05,-0.64,-0.44,0
20210920,-1.87,-0.57,0.21,0.76,0.27,0
20210921,0.05,0.25,-0.67,-0.44,-0.33,0
20210922,1,0.14,0.54,-0.52,0.48,0
20210923,1.28,0.46,0.93,-1.01,0.2,0
20210924,0.08,-0.39,0.7,0.57,0.26,0
20210927,-0.1,1.7,2.44,-0.27,0.73,0
20210928,-2.18,-0.01,1.75,0.84,1.08,0
20210929,0.03,-0.2,0.81,1.16,0.32,0
20210930,-1.02,0.07,-0.77,-1.21,-0.36,0
20211001,1.1,0.47,0.5,-0.1,0.6,0
20211004,-1.43,0.4,2.33,0.69,1.09,0
20211005,1.05,-0.57,-0.05,-0.07,-0.3,0
20211006,0.33,-0.99,-0.5,0.34,-0.67,0
20211007,1.01,0.45,-0.16,-0.08,0.05,0
20211008,-0.27,-0.45,1.12,0.09,0.62,0
20211011,-0.72,0.21,-0.27,-0.03,0.29,0
20211012,-0.06,0.55,-0.43,-0.88,-0.26,0
20211013,0.43,-0.09,-1.05,-0.47,-0.77,0
20211014,1.66,-0.37,-0.27,-0.01,-0.12,0
20211015,0.63,-1.13,0.3,0.38,-0.05,0
20211018,0.41,-0.42,0,0.56,-0.06,0
20211019,0.71,-0.46,-0.25,-0.17,0.09,0
20211020,0.34,0.22,1.19,0.29,0.52,0
20211021,0.37,0.04,-0.96,0.33,-0.62,0
20211022,-0.25,0.01,1.01,0.44,0.46,0
20211025,0.58,0.37,-0.14,-0.42,-0.37,0
20211026,0.04,-0.77,-0.31,-0.36,-0.15,0
20211027,-0.76,-0.95,-1.19,0.85,-0.61,0
20211028,1.14,0.82,-0.49,-0.3,-0.17,0
20211029,0.22,0.14,-0.83,0.57,-0.78,0
20211101,0.51,2.05,0.45,-1.13,0.02,0
20211102,0.24,-0.32,-0.54,0.43,0.14,0
20211103,0.8,1.44,-0.13,0.2,-0.39,0
20211104,0.39,-0.28,-1.36,0.66,-0.72,0
20211105,0.38,0.78,1.2,0.01,1.3,0
20211108,0.18,0.01,0.08,-0.49,-0.07,0
20211109,-0.35,-0.14,0.45,0.58,0.28,0
20211110,-1.07,-0.3,0.93,1.38,-0.07,0
20211111,0.24,0.63,0.33,0.13,0.1,0
20211112,0.74,-0.45,-0.91,0.4,-0.3,0
20211115,-0.02,-0.46,0.69,0.55,0.48,0
20211116,0.5,-0.17,-0.71,0.18,-0.65,0
20211117,-0.47,-0.64,-0.25,0.82,0.16,0
20211118,0.06,-0.76,-0.07,1.27,-0.09,0
20211119,-0.2,-0.4,-1.28,1.06,-0.6,0
20211122,-0.61,0.04,2.77,1.25,1.6,0
20211123,-0.03,-0.19,1.74,0.23,1.15,0
20211124,0.3,-0.14,-0.86,-0.52,-0.2,0
20211126,-2.23,-1.26,-0.94,0.27,-0.6,0
20211129,1.11,-1.32,-0.76,0.4,-0.32,0
20211130,-1.95,0.17,-1.14,-0.12,0.42,0
20211201,-1.61,-0.46,1.08,2.3,0.76,0
20211202,1.51,0.99,1.27,-0.67,0.04,0
20211203,-1.21,-0.87,1.07,1.76,1,0
20211206,1.19,0.84,0.61,0.08,0.63,0
20211207,2.22,-0.16,-1.8,-1.46,-0.45,0
20211208,0.47,0.34,-0.82,-0.95,0.2,0
20211209,-1.07,-1.05,1.54,1.42,0.98,0
20211210,0.7,-0.88,0.52,1.38,0.76,0
20211213,-1.04,-0.29,-0.98,0.3,-0.32,0
20211214,-0.76,-0.35,1.63,0.38,0.17,0
20211215,1.62,0.02,-1.91,0.04,-0.36,0
20211216,-1.2,-0.85,2.77,0.62,0.66,0
20211217,-0.65,1.48,-2.33,-1.71,-0.38,0
20211220,-1.27,-0.23,-0.4,0.04,0.15,0
20211221,2.06,0.67,0.2,-1.08,-0.2,0
20211222,0.97,0.18,-0.36,0.34,0.07,0
20211223,0.71,0.29,-0.48,-0.36,-0.39,0
20211227,1.22,-0.14,0.31,0.98,0.48,0
20211228,-0.27,-0.4,0.8,0.84,0.21,0
20211229,0.06,-0.03,0.17,0.7,0,0
20211230,-0.15,0.08,-0.41,-0.83,-0.41,0
20211231,-0.31,0.18,0.53,0.36,0.4,0
20220103,0.73,0.42,0.8,-1.17,0.59,0
20220104,-0.29,-0.08,3.64,0.63,1.47,0
20220105,-2.28,-0.94,2.59,1.39,1.25,0
20220106,0,0.38,1.75,-0.56,-0.01,0
20220107,-0.48,-0.96,2.02,-0.12,0.85,0
20220110,-0.15,-0.3,-0.28,-0.05,-0.37,0
20220111,1.1,-0.2,-0.28,-1.25,0.37,0
20220112,0.12,-0.86,0.51,0.77,0.27,0
20220113,-1.57,0.86,2.4,1.16,1.02,0
20220114,0.08,0.04,0.55,-0.85,0.49,0
20220118,-2.08,-0.9,1.36,0.8,0.97,0
20220119,-1.01,-0.36,-0.67,0.24,0.09,0
20220120,-1.14,-0.84,-0.23,-0.3,0.12,0
20220121,-2.1,0.38,0.48,1.03,0.49,0
20220124,0.53,1.75,-0.24,-0.07,-0.66,0
20220125,-1.43,-0.2,2.79,-0.8,1.6,0
20220126,-0.3,-1.06,0.09,0.43,-0.04,0
20220127,-0.79,-1.46,0.78,1.06,0.93,0
20220128,2.45,-0.61,-2.08,0.16,0.21,0
20220131,2.34,0.71,-2.84,-1.8,-1.6,0
20220201,0.87,0.12,0.66,-1.07,0.38,0
20220202,0.48,-1.59,0.72,1.48,0.49,0
20220203,-2.49,0.45,2.17,0.42,1.35,0
20220204,0.89,-0.28,-0.6,-1.69,-1.11,0
20220207,-0.25,0.66,0.23,-0.7,-0.01,0
20220208,1.02,0.73,-0.27,0.93,-0.45,0
20220209,1.61,0.02,-1.95,-1.09,-0.23,0
20220210,-1.69,0.03,1.23,-0.56,0.32,0
20220211,-1.92,0.91,2.12,-0.21,1.44,0
20220214,-0.35,0.09,-0.59,0.69,-0.18,0
20220215,1.87,1.03,-1.41,-0.66,-0.84,0
20220216,-0.02,0.03,0.32,0.6,0.41,0
20220217,-2.28,-0.04,1.08,0.85,1.46,0
20220218,-0.87,0.1,0.94,1.06,0.41,0
20220222,-1.18,-0.35,0.09,-0.06,0.14,0
20220223,-1.96,0.06,1.26,0.01,1.05,0
20220224,1.89,0.72,-3.86,-1.79,-1.73,0
20220225,2.23,-0.15,1.23,0.37,-0.2,0
20220228,0.05,0.39,-0.48,-0.82,0.29,0
20220301,-1.56,-0.28,-0.82,-0.41,0.56,0
20220302,1.81,0.61,1.32,0.53,0.41,0
20220303,-0.88,-0.21,1.51,1.23,1.22,0
20220304,-1.1,-0.52,0.69,0.37,1.22,0
20220307,-3.12,0.72,0.9,-0.69,1.35,0
20220308,-0.52,0.96,0.35,-1.09,-0.25,0
20220309,2.79,0.01,-2.11,-0.41,-1.56,0
20220310,-0.47,0.3,1.17,-0.32,0.35,0
20220311,-1.49,-0.13,1.78,0.99,0.6,0
20220314,-1.06,-0.83,1.74,2.18,0.05,0
20220315,2.15,-0.49,-2.39,0.77,-1,0
20220316,2.61,0.44,-1.82,-1.15,-1.52,0
20220317,1.43,0.16,-1.09,-1.59,-0.14,0
20220318,1.33,-0.19,-1.85,-0.54,-0.8,0
20220321,-0.17,-0.94,1.6,-0.18,1.57,0
20220322,1.31,-0.22,-1.15,-0.81,-1.01,0
20220323,-1.25,-0.61,0.39,-0.5,1.55,0
20220324,1.42,-0.32,-0.78,-0.47,-0.18,0
20220325,0.27,-0.31,2.19,0.2,1.33,0
20220328,0.73,-0.87,-1.71,0.5,-1.19,0
20220329,1.45,1.2,-1.94,-0.34,-0.98,0
20220330,-0.83,-1.13,0.42,0.4,0.92,0
20220331,-1.55,0.62,-0.43,-0.23,0.39,0
20220401,0.39,0.57,-0.58,-0.91,0.05,0.001
20220404,0.94,-0.54,-1.87,-0.78,-0.66,0.001
20220405,-1.55,-0.72,0.82,0.69,0.17,0.001
20220406,-1.24,-0.31,1.09,0.24,0.85,0.001
20220407,0.33,-0.61,-0.13,0.38,0.34,0.001
20220408,-0.39,-0.53,2.24,0.36,1.04,0.001
20220411,-1.54,0.62,1.06,0.44,0.06,0.001
20220412,-0.29,0.57,0.46,-0.26,1.05,0.001
20220413,1.4,0.62,-0.7,-1,0.02,0.001
20220414,-1.28,0.32,1.41,0.18,0.94,0.001
20220418,-0.21,-0.57,1.81,0.76,0.63,0.001
20220419,1.77,0.4,-0.94,0.54,-1.27,0.001
20220420,-0.28,0.48,1.26,0.76,1.13,0.001
20220421,-1.76,-0.55,0.38,1.75,0.4,0.001
20220422,-2.74,0.26,-0.17,-0.12,-0.22,0.001
20220425,0.71,0.12,-1.84,0.11,-1.06,0.001
20220426,-3,-0.36,1.78,0.23,1.22,0.001
20220427,0.12,-0.57,0.35,0.15,0.8,0.001
20220428,2.44,-0.51,-0.44,0.46,0.09,0.001
20220429,-3.53,0.87,0.59,-0.24,0.66,0.001
20220502,0.8,0.39,-1.15,-0.62,-1.34,0.001
20220503,0.41,0.15,1.64,0,1.15,0.001
20220504,3,-0.53,0.34,0.07,0.07,0.001
20220505,-3.8,-0.25,2.37,0.61,1.17,0.001
20220506,-0.85,-1.02,1.79,1.01,1.36,0.001
20220509,-3.54,-0.03,1.31,4.21,-0.3,0.001
20220510,0.2,-0.49,-1.24,-0.66,0.31,0.001
20220511,-1.95,-0.59,2.59,0.7,0.95,0.001
20220512,0.17,1.21,-1.24,-0.37,-1.1,0.001
20220513,2.76,0.37,-2.16,-2.13,-0.69,0.001
20220516,-0.6,0.09,1.34,0.19,1.33,0.001
20220517,2.15,0.94,-0.04,-0.69,-0.32,0.001
20220518,-4.04,0.46,1.54,-0.54,0.35,0.001
20220519,-0.34,0.39,-0.77,-1.19,-0.86,0.001
20220520,-0.05,-0.13,-0.19,-0.11,0.16,0.001
20220523,1.74,-0.93,1.32,-0.03,1.02,0.001
20220524,-1.23,-0.48,1.85,1.43,1.14,0.001
20220525,1.22,0.75,0.2,-0.56,0.01,0.001
20220526,2.18,0.01,-0.59,-0.14,-0.31,0.001
20220527,2.58,0.01,-1.24,-0.63,-0.26,0.001
20220531,-0.71,-0.37,0.4,0.78,-0.24,0.001
20220601,-0.75,0.25,0.72,-0.24,1.08,0.003
20220602,2.09,0.41,-2.05,-0.43,-1.49,0.003
20220603,-1.63,1.02,0.52,-0.8,0.45,0.003
20220606,0.33,0.04,0.69,0.5,0.18,0.003
20220607,0.99,0.19,-0.15,-1.58,0.66,0.003
20220608,-1.02,-0.26,-0.54,-0.69,-0.24,0.003
20220609,-2.44,0.45,0.24,0.86,0.15,0.003
20220610,-3,0.27,0.62,0.31,0.5,0.003
20220613,-4.13,-0.46,0.61,1.7,-0.36,0.003
20220614,-0.25,0.1,0.13,0.12,0.04,0.003
20220615,1.55,-0.01,-1.68,-0.21,-1.14,0.003
20220616,-3.52,-1.08,0,0.6,-0.64,0.003
20220617,0.46,0.73,-2.63,0.38,-2.02,0.003
20220621,2.38,-0.84,0.26,-0.91,0,0.003
20220622,-0.19,0.04,-1.79,0.63,-1.61,0.003
20220623,1.13,0.32,-3.87,0.5,-1.88,0.003
20220624,3.11,-0.42,-0.03,0.11,-0.33,0.003
20220627,-0.28,0.76,1.26,-0.3,1.29,0.003
20220628,-2.09,0.04,2.36,-0.7,1.3,0.003
20220629,-0.2,-0.58,-1.32,1.09,-0.86,0.003
20220630,-0.96,0.51,-0.15,0.9,-0.16,0.003
20220701,1.14,-0.02,0.11,-0.75,-0.07,0.004
20220705,0.48,1.12,-3.35,-1.74,-2.15,0.004
20220706,0.17,-0.89,-0.73,0.05,-0.31,0.004
20220707,1.77,0.89,-0.96,-0.84,-1.32,0.004
20220708,-0.07,0.07,-0.07,-0.25,-0.21,0.004
20220711,-1.39,-0.99,1.59,1.71,1.26,0.004
20220712,-0.88,0.85,0.52,0.1,0.83,0.004
20220713,-0.39,0.43,-0.38,0.04,-0.33,0.004
20220714,-0.41,-0.47,-1.01,0.78,-0.03,0.004
20220715,1.95,0.04,0.46,-0.22,-0.39,0.004
20220718,-0.71,0.37,1.02,0.14,-0.09,0.004
20220719,2.81,0.84,-0.54,-0.27,-0.59,0.004
20220720,0.89,1.08,-1.31,-1.48,-1.49,0.004
20220721,0.97,-0.33,-1.6,-0.25,-0.89,0.004
20220722,-1.19,-0.84,1.38,1.74,1.52,0.004
20220725,0.12,0.1,1.68,0.65,0.52,0.004
20220726,-1.32,0.34,1.06,0.57,1.16,0.004
20220727,2.72,0.16,-1.26,-0.2,-1.34,0.004
20220728,1.19,-0.04,-0.86,0.15,-0.88,0.004
20220729,1.45,-0.88,0.45,0.48,-1.17,0.004
20220801,-0.19,0.18,-0.26,0.17,0.35,0.008
20220802,-0.49,0.58,-1.4,-2.18,-0.46,0.008
20220803,1.67,0.28,-1.93,-1.49,-0.71,0.008
20220804,-0.06,0.41,-1.65,-1.3,-0.86,0.008
20220805,-0.04,0.94,-0.06,-1.27,-0.22,0.008
20220808,0,0.97,-0.08,-0.44,0.21,0.008
20220809,-0.68,-1.37,2.11,0.87,1.3,0.008
20220810,2.36,0.77,-1.59,-1.38,-1.36,0.008
20220811,-0.07,0.21,1.65,0.74,0.9,0.008
20220812,1.76,0.49,-0.73,-0.65,-0.53,0.008
20220815,0.38,-0.02,-0.62,-0.18,-0.01,0.008
20220816,0.19,-0.14,0.71,1.03,0.52,0.008
20220817,-0.93,-0.92,1.04,1.27,0.67,0.008
20220818,0.27,0.35,0.47,0.79,0.08,0.008
20220819,-1.5,-0.94,0.96,1.06,1.25,0.008
20220822,-2.14,-0.04,0.37,0.2,0.2,0.008
20220823,-0.11,0.11,0.33,-0.36,-0.19,0.008
20220824,0.4,0.52,-0.61,-1.43,-0.48,0.008
20220825,1.45,0.12,-0.01,0.15,-0.38,0.008
20220826,-3.37,-0.27,1.68,0.22,0.85,0.008
20220829,-0.72,-0.39,0.43,0.26,0.43,0.008
20220830,-1.11,-0.38,-0.24,-0.24,0.12,0.008
20220831,-0.74,0.23,-0.45,-0.62,-0.13,0.008
20220901,-0.01,-1.04,-0.3,0.62,0.55,0.009
20220902,-0.99,0.11,1.06,-0.06,0.27,0.009
20220906,-0.51,-0.54,-0.52,-0.17,-0.7,0.009
20220907,1.92,0.41,-1.53,-1.3,-0.54,0.009
20220908,0.78,-0.15,-0.2,-1.29,-1.01,0.009
20220909,1.67,0.38,-0.51,-0.1,-0.49,0.009
20220912,1.07,0.25,-0.17,-0.13,-0.13,0.009
20220913,-4.29,0.05,1.44,-0.31,0.9,0.009
20220914,0.45,-0.19,-0.28,-0.73,-0.42,0.009
20220915,-1.03,0.39,0.54,-0.36,0.24,0.009
20220916,-0.99,-0.75,0.85,1.69,0.95,0.009
20220919,0.72,-0.07,0.67,0.61,-0.07,0.009
20220920,-1.16,-0.3,0.04,-0.12,0.33,0.009
20220921,-1.68,0.33,0.08,0.38,0.1,0.009
20220922,-1.14,-1.16,0.41,1.16,0.9,0.009
20220923,-1.85,-0.47,-0.81,0.18,-0.26,0.009
20220926,-1.02,-0.05,-0.75,0.17,-0.42,0.009
20220927,-0.05,0.58,-0.93,-0.62,-0.9,0.009
20220928,2.15,0.92,-0.33,-0.86,-0.71,0.009
20220929,-2.17,-0.28,0.86,0.43,0.5,0.009
20220930,-1.42,0.59,0.26,-0.66,-0.09,0.009
20221003,2.55,0.01,0.69,0.9,0.37,0.011
20221004,3.3,0.72,-0.06,-1.04,-0.29,0.011
20221005,-0.22,-0.37,0.06,0.35,0.16,0.011
20221006,-0.86,0.46,0.13,-0.12,-0.46,0.011
20221007,-2.91,-0.23,1.68,0.97,1.46,0.011
20221010,-0.81,0.24,0.76,1.52,0.4,0.011
20221011,-0.7,0.61,0.32,0.57,0.64,0.011
20221012,-0.28,0.02,0.02,-0.02,0,0.011
20221013,2.4,-0.26,1.57,0.54,0.96,0.011
20221014,-2.46,-0.21,1.2,0.53,1.57,0.011
20221017,2.74,0.38,-1.42,-1.01,-1.19,0.011
20221018,1.19,-0.13,0.01,-0.43,0.03,0.011
20221019,-0.87,-1.2,1.21,0.69,0.78,0.011
20221020,-0.8,-0.33,-0.43,-0.61,0.11,0.011
20221021,2.3,-0.05,0.11,0.61,-0.22,0.011
20221024,1.03,-0.63,0.45,1.16,0.49,0.011
20221025,1.78,1.02,-1.52,-1.18,-1.24,0.011
20221026,-0.66,0.7,0.89,-0.8,0.68,0.011
20221027,-0.54,0.43,1.09,-0.37,0.51,0.011
20221028,2.32,0.05,-0.34,0.38,0.62,0.011
20221031,-0.67,0.47,0.75,-0.21,0.49,0.011
20221101,-0.35,0.44,0.78,-0.03,0.4,0.014
20221102,-2.67,-0.87,1.6,0.21,1.05,0.014
20221103,-1.03,0.39,0.32,-0.15,0.06,0.014
20221104,1.16,-0.26,1.28,2.18,0.62,0.014
20221107,0.87,-0.34,0.61,1.06,0.95,0.014
20221108,0.5,-0.55,-0.36,-0.19,0.06,0.014
20221109,-2.25,-0.51,0.55,0.94,1.07,0.014
20221110,5.68,1.01,-3.1,-0.65,-2.74,0.014
20221111,1.07,0.17,-1.07,-0.88,-1.14,0.014
20221114,-0.95,-0.25,0.27,0.54,0.43,0.014
20221115,1.03,0.46,-0.71,-0.49,-0.51,0.014
20221116,-1.04,-1.07,0.56,1.19,0.92,0.014
20221117,-0.42,-0.29,0.58,1.37,0.75,0.014
20221118,0.4,-0.09,0.09,0.4,0.62,0.014
20221121,-0.53,-0.21,0.99,0.48,1.1,0.014
20221122,1.36,-0.38,0.43,0.72,-0.23,0.014
20221123,0.63,-0.24,-0.94,-0.74,-0.57,0.014
20221125,-0.02,0.27,0.43,-0.17,0.14,0.014
20221128,-1.55,-0.47,-0.2,0.3,0.29,0.014
20221129,-0.18,0.34,1.02,0.2,0.47,0.014
20221130,3.12,-0.15,-2.07,-0.77,-1.41,0.014
20221201,-0.03,0.04,-0.69,-0.32,-0.32,0.016
20221202,-0.08,0.84,-0.55,-0.41,0.32,0.016
20221205,-2.02,-0.54,-0.52,0.88,0.97,0.016
20221206,-1.51,-0.02,1.15,0.81,0.71,0.016
20221207,-0.24,-0.17,-0.34,0.09,-0.21,0.016
20221208,0.76,-0.09,-1.22,-0.57,-0.64,0.016
20221209,-0.8,-0.53,0.35,0.23,0.14,0.016
20221212,1.41,-0.29,-0.16,-0.24,-0.13,0.016
20221213,0.66,0.08,-0.74,-0.28,-0.58,0.016
20221214,-0.56,0.03,-0.44,-0.14,-0.09,0.016
20221215,-2.57,-0.12,1.37,0.26,0.37,0.016
20221216,-1.02,0.55,0.18,-0.06,0.4,0.016
20221219,-1.01,-0.61,1.23,0.66,1.18,0.016
20221220,0.13,0.24,0.25,-0.5,0.46,0.016
20221221,1.52,0.14,-0.13,0.36,-0.27,0.016
20221222,-1.52,0.21,0.36,-0.07,0.87,0.016
20221223,0.51,-0.34,1.16,0.86,0.46,0.016
20221227,-0.51,-0.43,1.43,1.15,1.22,0.016
20221228,-1.24,-0.29,-0.29,-0.97,-0.04,0.016
20221229,1.87,1.04,-1.07,-1.02,-0.82,0.016
20221230,-0.22,0.13,-0.03,-0.53,0.01,0.016
20230103,-0.48,0.05,-0.12,0.25,0.51,0.017
20230104,0.81,0.56,0.05,-0.78,-0.02,0.017
20230105,-1.14,0.14,1.22,0.78,0.8,0.017
20230106,2.21,-0.01,0.05,0.85,0.14,0.017
20230109,0.04,0.34,-1.24,-0.69,-1.01,0.017
20230110,0.8,0.87,-0.56,-0.46,-0.47,0.017
20230111,1.26,0.02,-0.82,-0.17,-1.02,0.017
20230112,0.46,1.4,-0.3,-1.11,-0.51,0.017
20230113,0.46,0.23,-0.29,-0.21,-0.26,0.017
20230117,-0.18,-0.03,-0.52,-0.61,-0.4,0.017
20230118,-1.55,0.03,-0.7,0.33,-0.09,0.017
20230119,-0.86,-0.09,0.84,0.57,0.66,0.017
20230120,1.95,-0.03,-0.7,-0.19,-0.73,0.017
20230123,1.29,-0.04,-1,-0.48,-1,0.017
20230124,-0.16,-0.17,0.2,-0.23,0.37,0.017
20230125,0,0.13,0.65,0.04,0.22,0.017
20230126,1.08,-0.62,0.02,-0.19,-0.34,0.017
20230127,0.36,0.33,-1.15,-0.64,-1.2,0.017
20230130,-1.38,0.04,0.72,0.41,0.82,0.017
20230131,1.58,0.94,-0.07,-0.06,-0.51,0.017
20230201,1.19,0.63,-1.67,-0.2,-1.09,0.018
20230202,1.54,1.16,-2.07,-0.23,-1.65,0.018
20230203,-1.08,0.37,0.95,1.02,0.97,0.018
20230206,-0.73,-0.8,0.41,-0.27,0.41,0.018
20230207,1.24,-0.51,-0.04,0.32,-0.36,0.018
20230208,-1.18,-0.68,0.72,-0.33,-0.05,0.018
20230209,-0.95,-0.61,0.2,0.31,0.41,0.018
20230210,0.11,-0.31,1.54,0.61,0.86,0.018
20230213,1.14,0.09,-0.73,0.46,-0.28,0.018
20230214,0.12,-0.05,-0.67,-0.68,-0.9,0.018
20230215,0.51,0.73,-0.9,-1.12,-1.01,0.018
20230216,-1.37,0.22,0.97,0.84,0.87,0.018
20230217,-0.28,0.65,-0.15,0.16,0.52,0.018
20230221,-2.16,-1.15,0.87,0.36,0.77,0.018
20230222,-0.04,0.45,-0.43,-0.37,-0.39,0.018
20230223,0.46,0.1,-0.24,-0.01,-0.38,0.018
20230224,-1.09,-0.27,1.24,0.25,0.38,0.018
20230227,0.31,0.05,-0.28,0.06,-0.4,0.018
20230228,-0.26,0.53,-0.71,-0.57,-0.16,0.018
20230301,-0.42,0.4,0.62,0.2,0.61,0.016
20230302,0.67,-0.5,-0.41,-0.14,0.18,0.016
20230303,1.61,-0.08,-0.52,-0.35,-0.65,0.016
20230306,-0.13,-1.61,-0.09,0.32,-0.13,0.016
20230307,-1.45,0.62,-0.66,-0.11,-0.17,0.016
20230308,0.08,0.08,-0.39,0.38,-0.13,0.016
20230309,-2.02,-0.68,-0.67,1.03,0.63,0.016
20230310,-1.68,-1.38,0.81,0.98,1.07,0.016
20230313,-0.34,-1.17,-3.52,-0.99,-0.61,0.016
20230314,1.71,0,-0.4,-0.22,-0.44,0.016
20230315,-0.79,-0.52,-1.82,0.35,-0.43,0.016
20230316,1.76,0.01,-0.19,0.07,-0.71,0.016
20230317,-1.21,-1.06,-1.56,0.27,-0.24,0.016
20230320,0.84,-0.36,0.74,0.52,0.71,0.016
20230321,1.49,0.47,0.67,-0.26,-1.07,0.016
20230322,-1.74,-0.81,-0.47,0.79,0.2,0.016
20230323,0.21,-0.44,-1.54,0.06,-0.84,0.016
20230324,0.46,0.17,0.72,0.36,0.38,0.016
20230327,0.27,0.51,1.01,-0.27,0.36,0.016
20230328,-0.17,-0.02,0.75,0.09,0.54,0.016
20230329,1.39,-0.35,-0.53,-0.89,-0.52,0.016
20230330,0.5,-0.62,-0.58,0.21,-0.11,0.016
20230331,1.53,0.51,-0.77,-0.45,-0.77,0.016
20230403,0.28,-0.19,0.78,0.51,0.71,0.018
20230404,-0.72,-1.13,-0.73,0,0,0.018
20230405,-0.4,-1.01,1.4,0.79,1.17,0.018
20230406,0.34,-0.03,-0.53,-0.41,-0.14,0.018
20230410,0.2,0.86,0.28,-0.06,-0.11,0.018
20230411,0.06,0.71,0.58,0.06,0.12,0.018
20230412,-0.51,-0.43,0.37,0.49,0.4,0.018
20230413,1.39,0.16,-1.17,-0.21,-0.68,0.018
20230414,-0.23,-0.76,0.2,0.61,0.11,0.018
20230417,0.33,0.7,-0.2,-1.3,-0.26,0.018
20230418,0.04,-0.4,-0.29,-0.02,0.18,0.018
20230419,-0.04,0.26,0.39,-0.02,0.12,0.018
20230420,-0.61,0.12,-0.26,0.72,0.48,0.018
20230421,0.08,0.09,-0.91,-0.61,-0.1,0.018
20230424,0,-0.27,0.48,0.65,0.29,0.018
20230425,-1.76,-0.83,0.11,0.44,0.88,0.018
20230426,-0.41,-0.05,-0.76,0.04,-0.33,0.018
20230427,1.85,-0.6,0,0.46,-0.2,0.018
20230428,0.77,0.22,0.18,0.11,0.22,0.018
20230501,-0.02,0.17,-0.79,-0.51,0.18,0.016
20230502,-1.28,-0.73,-1.39,0.69,0.04,0.016
20230503,-0.56,0.87,-1.02,-0.9,-0.43,0.016
20230504,-0.78,-0.47,-1,-0.55,-0.27,0.016
20230505,1.9,0.5,0.61,0.24,-0.64,0.016
20230508,0.08,-0.38,-0.27,-0.54,-0.39,0.016
20230509,-0.43,0.11,-0.05,-0.37,-0.39,0.016
20230510,0.43,0.2,-1.31,-0.07,-0.78,0.016
20230511,-0.21,-0.51,-0.07,0.86,0.11,0.016
20230512,-0.22,-0.11,0.35,0.4,0.47,0.016
20230515,0.47,0.78,0.01,-0.74,-0.46,0.016
20230516,-0.72,-0.45,-0.47,0.75,-0.1,0.016
20230517,1.32,0.85,1.18,-0.39,-0.28,0.016
20230518,0.99,-0.23,-0.38,0.15,-0.7,0.016
20230519,-0.26,-0.39,-0.31,-0.02,0.18,0.016
20230522,0.17,1.11,-0.22,-1.24,-0.91,0.016
20230523,-1.09,0.61,1.05,0.21,0.18,0.016
20230524,-0.72,-0.39,-0.19,-0.03,-0.05,0.016
20230525,0.64,-1.09,-1.09,1.34,-1.23,0.016
20230526,1.32,-0.29,-0.87,-0.26,-0.53,0.016
20230530,-0.01,-0.25,-0.41,-0.36,-0.97,0.016
20230531,-0.6,-0.25,-1.13,-0.95,0.08,0.016
20230601,1.02,0.05,-0.07,-0.12,-0.38,0.019
20230602,1.62,1.74,1.65,0.42,0.75,0.019
20230605,-0.26,-1.09,-0.74,-0.6,-0.4,0.019
20230606,0.47,2.25,1.32,-0.18,-0.41,0.019
20230607,-0.36,1.89,2.25,0.73,1.28,0.019
20230608,0.59,-0.77,-1.15,-0.16,-0.49,0.019
20230609,0.03,-0.79,-0.4,0.06,-0.23,0.019
20230612,0.94,-0.27,-1.39,-0.22,-0.78,0.019
20230613,0.74,0.52,0.07,-0.55,-0.51,0.019
20230614,-0.04,-1.06,-0.92,0.63,-0.24,0.019
20230615,1.22,-0.36,0.06,0.22,-0.09,0.019
20230616,-0.45,-0.51,0.22,0.16,0.33,0.019
20230620,-0.49,0.21,-0.66,-0.11,-0.51,0.019
20230621,-0.56,0.29,0.55,0.59,0.86,0.019
20230622,0.32,-0.96,-1.23,0.25,-0.52,0.019
20230623,-0.84,-0.6,0.07,0.27,0.06,0.019
20230626,-0.48,-0.01,1.3,0.63,0.67,0.019
20230627,1.21,0.32,-0.52,0.25,-0.72,0.019
20230628,0.04,0.47,-0.42,-0.62,-0.42,0.019
20230629,0.44,0.75,0.76,0.57,0.46,0.019
20230630,1.14,-0.73,-0.77,-0.1,-0.29,0.019
20230703,0.15,0.27,1.07,0.16,0.12,0.022
20230705,-0.29,-1.07,-0.26,-0.29,0,0.022
20230706,-0.95,-0.59,-0.68,0.58,0.06,0.022
20230707,-0.12,1.3,1.22,-0.22,0.19,0.022
20230710,0.37,1.24,0,-1.01,0.54,0.022
20230711,0.76,0.18,0.49,-0.22,0.3,0.022
20230712,0.74,0.37,0.44,-0.31,-0.44,0.022
20230713,0.9,-0.07,-0.1,-0.17,-0.67,0.022
20230714,-0.25,-0.7,-1.51,0.43,-0.55,0.022
20230717,0.49,0.64,-0.27,-0.39,-0.06,0.022
20230718,0.78,0.44,1.09,0.63,-0.44,0.022
20230719,0.25,0.26,1.32,0.15,0.19,0.022
20230720,-0.81,-0.35,0.64,0.44,1.47,0.022
20230721,-0.05,-0.38,-0.36,-0.15,0.11,0.022
20230724,0.31,-0.03,0.77,0.95,-0.22,0.022
20230725,0.25,-0.23,-0.79,0.49,-0.4,0.022
20230726,0.02,0.86,1.03,-0.36,0.65,0.022
20230727,-0.75,-0.81,0.29,0.39,0.11,0.022
20230728,1.14,0.43,-0.35,-0.75,-0.4,0.022
20230731,0.26,0.99,-0.08,-0.96,0.07,0.022
20230801,-0.35,-0.11,0.3,0.19,-0.28,0.02
20230802,-1.49,-0.05,0.6,0.68,0.69,0.02
20230803,-0.19,0.02,0.08,0.31,-0.35,0.02
20230804,-0.49,0.08,0.76,-0.17,-0.66,0.02
20230807,0.77,-1.09,0.59,0.65,-0.1,0.02
20230808,-0.47,0.1,0.14,0.47,0.03,0.02
20230809,-0.78,-0.01,-0.06,0.87,0.02,0.02
20230810,0.01,-0.46,-0.66,-0.02,-0.05,0.02
20230811,-0.11,0.24,0.46,-0.2,0.39,0.02
20230814,0.51,-0.84,-0.8,0.1,-0.65,0.02
20230815,-1.18,0,-1.04,0.2,0.04,0.02
20230816,-0.81,-0.48,-0.13,0.38,0.02,0.02
20230817,-0.87,-0.17,0.49,0.48,0.16,0.02
20230818,0.04,0.41,-0.22,0.07,-0.11,0.02
20230821,0.64,-0.87,-0.6,0.19,-0.88,0.02
20230822,-0.32,-0.02,-1.04,-0.33,-0.21,0.02
20230823,1.08,-0.22,-0.11,-0.38,-0.25,0.02
20230824,-1.43,0.01,0.62,0.51,0.4,0.02
20230825,0.65,-0.23,-0.57,-0.35,-0.17,0.02
20230828,0.63,0.09,0.41,0.26,0.03,0.02
20230829,1.5,-0.08,-0.11,-0.04,-0.44,0.02
20230830,0.41,0.09,-0.46,-0.42,-0.03,0.02
20230831,-0.08,-0.19,0.22,0.07,-0.26,0.02
20230901,0.26,0.84,0.58,-0.03,-0.2,0.021
20230905,-0.54,-1.58,-0.86,-0.3,-0.47,0.021
20230906,-0.71,0.01,-0.18,-0.45,0.1,0.021
20230907,-0.4,-0.69,0.03,-0.2,0.02,0.021
20230908,0.12,-0.51,0.4,0.28,0.01,0.021
20230911,0.66,-0.47,-0.54,-0.49,-0.33,0.021
20230912,-0.59,0.21,0.99,0.25,0.23,0.021
20230913,0.03,-0.87,-0.22,0.25,-0.36,0.021
20230914,0.84,0.49,0.86,0.82,0.02,0.021
20230915,-1.21,0.21,0.25,-0.33,0.5,0.021
20230918,-0.04,-0.82,-0.19,0.2,-0.05,0.021
20230919,-0.27,-0.11,0,0.32,0.31,0.021
20230920,-0.95,-0.05,0.26,0.27,0.49,0.021
20230921,-1.69,0.34,0.38,0.56,0.13,0.021
20230922,-0.25,-0.09,-0.51,0.18,-0.19,0.021
20230925,0.39,-0.06,0.33,0.58,-0.46,0.021
20230926,-1.46,0.36,-0.51,-0.34,-0.07,0.021
20230927,0.13,0.78,0.1,0.19,-0.28,0.021
20230928,0.65,0.19,0.04,0.43,-0.03,0.021
20230929,-0.27,-0.02,0.31,-0.19,-0.15,0.021
20231002,-0.14,-1.28,-1.05,0.87,-0.52,0.021
20231003,-1.5,-0.26,-0.15,0.3,0.14,0.021
20231004,0.77,-0.53,-0.37,-0.39,-0.33,0.021
20231005,-0.15,0.28,0.09,-0.46,-0.12,0.021
20231006,1.21,-0.44,-0.55,-0.31,-0.52,0.021
20231009,0.59,-0.16,0.26,0.82,-0.37,0.021
20231010,0.61,0.33,0.62,-0.24,0.19,0.021
20231011,0.32,-0.65,0.38,0.64,-0.25,0.021
20231012,-0.81,-1.5,0.11,1.19,-0.22,0.021
20231013,-0.59,-0.35,0.05,0.08,0.46,0.021
20231016,1.14,0.58,-0.1,-0.36,-0.02,0.021
20231017,0.09,1.05,0.68,-0.1,0.32,0.021
20231018,-1.47,-0.61,-0.17,0.87,0.46,0.021
20231019,-0.92,-0.54,-0.22,-0.05,0.01,0.021
20231020,-1.32,0.09,-0.15,0.2,0.36,0.021
20231023,-0.23,-0.58,-0.77,0.18,-0.43,0.021
20231024,0.71,0.09,-0.58,-0.91,0.15,0.021
20231025,-1.58,-0.02,0.85,1.48,0.21,0.021
20231026,-1.15,1.18,1.68,-0.76,0.47,0.021
20231027,-0.53,-0.58,-0.58,0.43,-0.96,0.021
20231030,1.15,-0.33,0.28,-0.15,0.17,0.021
20231031,0.63,0.05,-0.07,-0.85,0.06,0.021
20231101,0.93,-0.68,-0.02,0.12,-0.71,0.021
20231102,1.95,0.71,1.64,-0.23,0.53,0.021
20231103,1.1,1.73,0.6,-1.19,0.18,0.021
20231106,0.01,-1.22,-0.66,0.87,-0.2,0.021
20231107,0.35,-0.41,-1.2,-1.26,-0.05,0.021
20231108,-0.04,-1.01,-0.46,0.45,0.04,0.021
20231109,-0.89,-1.01,0.5,0.53,-0.3,0.021
20231110,1.49,-0.61,-0.45,0.74,-0.37,0.021
20231113,-0.05,0.06,-0.26,-0.29,-0.17,0.021
20231114,2.18,3.23,1.19,-0.98,-0.24,0.021
20231115,0.18,0.13,0.5,-0.13,0.5,0.021
20231116,-0.11,-1.5,-0.3,-0.45,-0.37,0.021
20231117,0.25,1.22,0.62,0.03,0.36,0.021
20231120,0.73,-0.11,-0.28,-0.3,-0.31,0.021
20231121,-0.32,-0.96,-0.62,0.42,-0.03,0.021
20231122,0.42,0.19,-0.04,-0.38,0.01,0.021
20231124,0.11,0.63,0.18,-0.51,0.23,0.021
20231127,-0.23,-0.14,-0.08,0.13,-0.25,0.021
20231128,0.06,-0.3,0.05,-0.16,0.03,0.021
20231129,0.01,0.58,0.69,-0.76,-0.06,0.021
20231130,0.35,-0.4,0.01,-0.11,0.18,0.021
20231201,0.82,2.23,1.07,-0.37,0.57,0.021
20231204,-0.44,1.51,0.5,-0.44,0.77,0.021
20231205,-0.21,-1.05,-0.85,0.18,-0.41,0.021
20231206,-0.39,0.36,0.33,-0.22,0.27,0.021
20231207,0.81,0.09,0.49,0.08,-0.19,0.021
20231208,0.45,0.16,0.53,-0.13,-0.08,0.021
20231211,0.35,-0.44,-0.12,0.02,0.64,0.021
20231212,0.34,-0.64,-0.89,-0.37,-0.22,0.021
20231213,1.55,1.92,1.35,-0.99,0.17,0.021
20231214,0.51,1.84,2.03,0.03,0.38,0.021
20231215,-0.06,-0.59,-0.57,0.14,-0.35,0.021
20231218,0.42,-0.51,-0.36,0.35,-0.24,0.021
20231219,0.72,1.51,0.68,-0.38,0.05,0.021
20231220,-1.56,-0.35,0.15,0.76,0.09,0.021
20231221,1.09,0.74,-0.02,-0.57,-0.17,0.021
20231222,0.2,0.61,0.1,-0.65,0.2,0.021
20231226,0.48,0.83,0.43,-0.33,-0.16,0.021
20231227,0.16,0.17,0.1,-0.32,-0.14,0.021
20231228,-0.01,-0.38,0.02,-0.32,0.15,0.021
20231229,-0.43,-1.14,-0.36,0.69,-0.06,0.021
20240102,-0.7,-0.26,0.79,0.66,0.64,0.022
20240103,-1.01,-1.92,-0.14,0.35,-0.18,0.022
20240104,-0.33,0.24,0.09,-0.43,0.24,0.022
20240105,0.15,-0.59,0.65,0.11,-0.15,0.022
20240108,1.49,0.55,-1.31,-0.98,-0.49,0.022
20240109,-0.21,-0.75,-0.9,-0.3,-0.18,0.022
20240110,0.5,-0.29,-0.44,0.24,-0.18,0.022
20240111,-0.14,-0.66,-0.51,0.45,-0.13,0.022
20240112,-0.01,-0.21,-0.5,0.11,-0.28,0.022
20240116,-0.47,-0.87,-0.64,0.13,-0.27,0.022
20240117,-0.59,-0.16,-0.24,0.26,-0.23,0.022
20240118,0.87,-0.27,-0.34,0.71,-0.23,0.022
20240119,1.19,-0.37,0.65,-0.05,-0.27,0.022
20240122,0.39,1.83,0.58,-0.43,0.09,0.022
20240123,0.22,-0.69,-0.58,-0.18,0.21,0.022
20240124,-0.01,-0.76,0.02,0.25,-0.4,0.022
20240125,0.46,0.2,0.56,-0.2,0.52,0.022
20240126,-0.02,0.32,-0.22,0.25,0.02,0.022
20240129,0.86,0.88,-0.57,-1.11,-0.3,0.022
20240130,-0.13,-0.96,0.85,0.99,0.13,0.022
20240131,-1.74,-0.89,-0.31,-0.22,0.35,0.022
20240201,1.23,0.33,-1.35,-0.05,-0.29,0.021
20240202,0.99,-1.57,-0.51,-0.16,-1.4,0.021
20240205,-0.42,-0.94,-0.66,0.1,-0.15,0.021
20240206,0.27,0.77,-0.49,-0.75,0.59,0.021
20240207,0.77,-1.02,-0.62,0.62,-0.81,0.021
20240208,0.21,1.4,0.03,-0.52,-0.2,0.021
20240209,0.65,0.84,-0.43,-0.34,-0.43,0.021
20240212,0.05,1.65,1.1,-0.04,0.44,0.021
20240213,-1.6,-2.52,-0.66,0.78,-0.05,0.021
20240214,1.14,1.37,-0.2,-1.53,-0.18,0.021
20240215,0.67,1.23,1.03,-0.21,0.26,0.021
20240216,-0.53,-0.64,-0.21,0.06,0.17,0.021
20240220,-0.74,-0.74,0.41,0.43,0.59,0.021
20240221,-0.03,-0.64,0.12,0.86,0.19,0.021
20240222,2.02,-1.55,-1.32,0.38,-1.19,0.021
20240223,0.02,0.33,-0.04,0.08,-0.11,0.021
20240226,-0.25,0.97,-0.1,-0.72,0,0.021
20240227,0.27,1.24,-0.44,-1.12,0.68,0.021
20240228,-0.26,-0.89,-0.01,-0.06,0.52,0.021
20240229,0.54,-0.16,0.99,0.27,-0.72,0.021
20240301,0.76,0.01,-0.56,-0.24,-0.16,0.021
20240304,-0.18,-0.61,0.35,-0.19,0.24,0.021
20240305,-1.08,0.05,1.13,0.91,0.56,0.021
20240306,0.53,-0.27,-0.02,-1.08,-0.03,0.021
20240307,1.02,-0.48,0.05,0.4,-0.73,0.021
20240308,-0.66,0.6,0.6,-0.36,0.57,0.021
20240311,-0.21,-0.63,0.4,0.45,0.64,0.021
20240312,1.04,-1.16,-0.68,0.53,-0.77,0.021
20240313,-0.14,0.35,-0.04,-0.04,0.17,0.021
20240314,-0.43,-1.46,-1.07,1.03,-0.1,0.021
20240315,-0.59,0.95,0.8,-0.09,0.42,0.021
20240318,0.53,-1.04,-0.22,0.24,-0.11,0.021
20240319,0.54,0.45,-0.24,0.49,0.08,0.021
20240320,1.03,1.04,1.01,-0.24,-0.06,0.021
20240321,0.42,0.34,0.97,0.27,0.05,0.021
20240322,-0.23,-0.99,-0.52,0.29,-0.36,0.021
20240325,-0.26,-0.11,0.87,-0.22,-0.17,0.021
20240326,-0.26,0.11,-0.16,-0.52,0.21,0.021
20240327,0.88,1.29,0.92,-0.15,0.58,0.021
20240328,0.1,0.47,0.46,-0.06,0.07,0.021
20240401,-0.27,-0.91,-0.27,0.34,-0.31,0.021
20240402,-0.85,-1.03,0.04,0.26,0.02,0.021
20240403,0.16,0.33,-0.04,0.1,-0.19,0.021
20240404,-1.23,0.2,0.18,0.03,0.1,0.021
20240405,1.05,-0.5,-0.69,-0.29,-0.59,0.021
20240408,0.01,0.54,0.14,-0.24,0.1,0.021
20240409,0.14,0.31,-0.33,-0.17,0.05,0.021
20240410,-1.01,-1.56,-1.04,0.37,-0.45,0.021
20240411,0.72,0.05,-0.62,0.14,-0.54,0.021
20240412,-1.53,-0.38,0.13,0.67,-0.22,0.021
20240415,-1.29,-0.24,0.75,0.84,0.42,0.021
20240416,-0.23,-0.28,-0.82,0.04,-0.26,0.021
20240417,-0.64,-0.37,0.55,-0.32,0.54,0.021
20240418,-0.27,-0.1,0.86,-0.03,0.29,0.021
20240419,-0.82,1.25,1.9,-0.1,1.3,0.021
20240422,0.87,-0.12,0.55,-0.23,0,0.021
20240423,1.27,0.58,-0.01,-0.16,-0.63,0.021
20240424,-0.01,-0.3,0.28,0.23,-0.02,0.021
20240425,-0.48,-0.39,-0.2,0.4,-0.09,0.021
20240426,1.04,0.22,-1.09,0.01,-0.45,0.021
20240429,0.34,0.34,-0.49,0.22,-0.12,0.021
20240430,-1.67,-0.27,-0.26,-0.61,0.63,0.021
20240501,-0.27,1,-0.03,-1.43,-0.02,0.02
20240502,1.01,0.7,0.02,0.03,-0.77,0.02
20240503,1.19,-0.04,-0.22,0.42,-0.55,0.02
20240506,1.09,-0.02,-0.05,-0.23,-0.69,0.02
20240507,0.05,0.04,-0.65,0.14,0.2,0.02
20240508,-0.09,-0.41,0.59,0.72,0.16,0.02
20240509,0.52,0.51,0.39,0.02,0.08,0.02
20240510,0.08,-0.91,0.01,0.49,-0.06,0.02
20240513,-0.04,0.25,-0.26,0.13,0.24,0.02
20240514,0.57,0.51,0.04,-0.16,-0.02,0.02
20240515,1.15,-0.47,-0.21,-0.4,-0.38,0.02
20240516,-0.25,-0.22,-0.01,-0.04,0.39,0.02
20240517,0.11,-0.23,0.41,-0.19,-0.1,0.02
20240520,0.14,0.16,-0.88,0.15,-0.66,0.02
20240521,0.15,-0.43,0.19,0.41,-0.31,0.02
20240522,-0.35,-0.4,-0.38,-0.44,-0.05,0.02
20240523,-0.85,-0.67,-0.64,1.3,-0.64,0.02
20240524,0.72,0.13,0.23,0.34,-0.34,0.02
20240528,-0.04,0.1,-0.83,0.15,-1.07,0.02
20240529,-0.77,-0.38,-0.66,0.44,-0.04,0.02
20240530,-0.52,1.64,0.42,-0.02,0.7,0.02
20240531,0.68,-0.1,0.95,1.03,0.91,0.02
20240603,0.04,-0.32,-0.62,0.35,-0.43,0.022
20240604,-0.06,-1.33,-0.68,-0.15,-0.05,0.022
20240605,1.23,0.35,-0.67,-0.47,-0.72,0.022
20240606,-0.06,-0.57,-0.08,-0.04,-0.17,0.022
20240607,-0.23,-0.95,0.09,0.37,0.2,0.022
20240610,0.28,-0.13,-0.29,-0.22,-0.47,0.022
20240611,0.2,-0.21,-1.04,0.26,-0.19,0.022
20240612,0.94,0.75,0.05,0.07,-0.38,0.022
20240613,0.04,-1.02,-0.62,0.97,-0.02,0.022
20240614,-0.17,-1.46,-0.65,0.12,0.04,0.022
20240617,0.78,-0.33,0.58,0.93,0.24,0.022
20240618,0.2,-0.44,0.36,0.28,-0.11,0.022
20240620,-0.31,-0.36,0.26,-0.62,0.33,0.022
20240621,-0.13,0.44,-0.53,-0.81,0.17,0.022
20240624,-0.25,0.62,1.09,-0.01,0.65,0.022
20240625,0.31,-0.82,-1.22,0.08,-1.22,0.022
20240626,0.16,-0.01,-0.19,0.46,-0.26,0.022
20240627,0.14,0.53,-0.39,-0.97,-0.12,0.022
20240628,-0.35,1,1.28,-0.19,0.72,0.022
20240701,0.22,-1.06,-0.46,0.49,-0.34,0.021
20240702,0.57,-0.47,0.39,0.52,-0.63,0.021
20240703,0.48,-0.29,-0.68,-0.05,0.59,0.021
20240705,0.48,-0.8,-1.43,-0.31,-1.04,0.021
20240708,0.1,0.55,-0.22,-0.35,0.47,0.021
20240709,0,-0.59,0.48,-0.44,0.66,0.021
20240710,0.97,-0.14,0.43,0.17,0.2,0.021
20240711,-0.59,4.21,1.75,-1.09,-0.09,0.021
20240712,0.58,0.62,-0.44,-0.5,0.15,0.021
20240715,0.38,1.16,0.59,-0.22,-0.35,0.021
20240716,0.83,2.76,1.37,-0.64,0.07,0.021
20240717,-1.5,0.49,2.46,0.83,-0.13,0.021
20240718,-0.95,-1.15,0.03,1.01,0.4,0.021
20240719,-0.68,0.07,-0.14,-0.09,-0.47,0.021
20240722,1.08,0.53,-0.53,-0.38,0.72,0.021
20240723,-0.05,1.15,-0.03,-0.43,-0.18,0.021
20240724,-2.37,0.02,1.71,0.1,0.08,0.021
20240725,-0.33,1.67,0.68,-0.11,0.15,0.021
20240726,1.1,0.57,-0.2,0.02,0.08,0.021
20240729,-0.04,-1.05,-0.43,0.61,-0.24,0.021
20240730,-0.53,0.68,1.38,0.47,-1.03,0.021
20240731,1.53,-0.97,-1.32,0.44,1.43,0.021
20240801,-1.61,-1.24,-0.67,0.91,-0.89,0.022
20240802,-2.12,-1.18,-0.78,0.96,0.79,0.022
20240805,-3.02,-0.34,-0.01,-0.13,-0.17,0.022
20240806,1,-0.03,-0.58,-0.12,0.29,0.022
20240807,-0.83,-0.55,0.84,0.74,-0.79,0.022
20240808,2.39,0.1,-0.85,-0.63,0.05,0.022
20240809,0.43,-0.8,-0.31,0.3,-0.21,0.022
20240812,-0.08,-0.87,-0.59,0.12,0.39,0.022
20240813,1.7,0.18,-0.77,-0.51,1.08,0.022
20240814,0.3,-1.1,0.27,0.14,0.4,0.022
20240815,1.78,0.95,-0.74,-0.48,0.4,0.022
20240816,0.21,0.05,0.78,-0.21,0.51,0.022
20240819,0.98,0.25,-0.29,-1.03,0.49,0.022
20240820,-0.32,-0.72,-0.68,0.36,-0.65,0.022
20240821,0.52,0.84,-0.63,-0.43,0.19,0.022
20240822,-0.96,-0.25,1.39,0.56,-0.25,0.022
20240823,1.29,1.9,0.85,-0.48,0.68,0.022
20240826,-0.34,0.33,0.17,0.13,-0.06,0.022
20240827,0.05,-0.9,0.02,0.27,0.23,0.022
20240828,-0.67,-0.22,1.14,0.55,-0.16,0.022
20240829,0.08,0.67,0.28,-0.15,-1.22,0.022
20240830,0.98,-0.56,0.04,-0.2,-0.14,0.022
20240903,-2.26,-0.74,1.36,0.68,-0.82,0.02
20240904,-0.22,0.08,-0.53,-0.27,-0.02,0.02
20240905,-0.31,-0.06,-0.68,-0.26,0.04,0.02
20240906,-1.82,-0.09,0.17,0.35,-0.03,0.02
20240909,1.09,-1.09,-0.69,-1.04,0.4,0.02
20240910,0.4,-0.27,-0.83,-0.08,-0.17,0.02
20240911,1.05,-0.63,-1.66,-0.21,0.58,0.02
20240912,0.8,0.45,-0.5,0.37,-0.08,0.02
20240913,0.71,1.88,0.04,-0.34,0.29,0.02
20240916,0.16,-0.01,0.92,0.39,-0.44,0.02
20240917,0.09,0.77,0.54,0.34,-0.3,0.02
20240918,-0.25,0.24,0.28,0.05,-0.37,0.02
20240919,1.77,0.32,-0.19,-0.22,-0.04,0.02
20240920,-0.27,-0.78,-0.64,0.22,-0.35,0.02
20240923,0.21,-0.83,-0.08,0.45,-0.23,0.02
20240924,0.24,-0.1,-0.58,-0.3,0.78,0.02
20240925,-0.29,-0.93,-0.7,-0.04,0.15,0.02
20240926,0.42,0.23,0.43,-0.53,0.53,0.02
20240927,-0.08,0.71,0.55,0.09,-0.07,0.02
20240930,0.36,-0.11,0.15,0.43,0,0.02
20241001,-0.97,-0.66,-0.02,0.78,-0.57,0.017
20241002,0,-0.24,-0.18,-0.53,0.4,0.017
20241003,-0.22,-0.67,0.2,0.49,0.3,0.017
20241004,1.04,0.47,0.31,-0.54,-0.17,0.017
20241007,-0.97,-0.18,0.29,0.06,0.77,0.017
20241008,0.87,-0.74,-1.14,-0.31,0.22,0.017
20241009,0.69,-0.46,0.2,0.2,-0.24,0.017
20241010,-0.2,-0.37,0.08,0.14,0.15,0.017
20241011,0.75,1.29,0.76,-0.98,0.01,0.017
20241014,0.71,-0.12,-0.32,-0.08,0.42,0.017
20241015,-0.72,1,0.46,-0.24,-0.48,0.017
20241016,0.53,1.05,0.52,-0.38,0.66,0.017
20241017,-0.05,-0.11,0.19,0.35,0.08,0.017
20241018,0.36,-0.41,-0.74,-0.56,0.19,0.017
20241021,-0.28,-1.37,-1.18,-0.17,0.46,0.017
20241022,-0.11,-0.25,0.58,0.1,-0.32,0.017
20241023,-0.97,-0.02,1.07,0.23,-0.09,0.017
20241024,0.3,0.05,-0.27,-0.04,-0.32,0.017
20241025,-0.09,-0.27,-0.83,0.1,-0.34,0.017
20241028,0.38,1.35,0.61,-0.6,-0.1,0.017
20241029,0.15,-0.25,-1.05,-0.31,-0.12,0.017
20241030,-0.33,0.17,0.76,0.37,-0.08,0.017
20241031,-1.79,-0.02,0.59,0.41,0.17,0.017
